State,Year,Nitrogen (%),Nitrogen (Pounds/Acre),Phosphorous (%),Phosphorous (Pounds/Acre),Potash (%),Potash (Pounds/Acre),Area Planted (acres),Harvested Area (acres),Leaf_Color_Index,Temperature,Fungal_Spot_Area,Pest_Infestation,Disease_Presence
Alabama,1964,99.0,72.0,100.0,62.0,99.0,63.0,,,0.49963209507789,31.163909330531425,0.6921613416941319,1,1
Alabama,1965,100.0,81.0,100.0,63.0,100.0,66.0,,,0.960571445127933,39.35346428902198,0.06229179813006269,0,0
Alabama,1966,100.0,83.0,100.0,69.0,100.0,70.0,,,0.7855951534491241,28.909331275292477,0.5094221281497897,1,1
Alabama,1967,100.0,78.0,100.0,71.0,100.0,73.0,,,0.6789267873576292,29.24110293150168,0.9966968538529768,1,1
Alabama,1968,100.0,71.0,99.0,71.0,99.0,73.0,,,0.3248149123539492,25.70319550229878,0.8139702695060188,1,1
Alabama,1969,100.0,80.0,98.0,70.0,98.0,71.0,,,0.32479561626896214,23.75077815267604,0.6152194382310109,1,1
Alabama,1970,100.0,78.0,100.0,74.0,100.0,77.0,,,0.24646688973455957,32.15167908272123,0.30625362078661167,0,1
Alabama,1971,99.0,84.0,100.0,71.0,99.0,73.0,,,0.8929409166199482,23.719580870455665,0.6238958362916385,0,1
Alabama,1972,100.0,89.0,98.0,73.0,98.0,77.0,,,0.6808920093945671,28.357831186096963,0.5270414639116516,0,0
Alabama,1973,99.0,82.0,95.0,77.0,97.0,83.0,385.0,370.0,0.7664580622368364,25.611712766174417,0.4260833838903715,1,1
Alabama,1974,100.0,100.0,99.0,76.0,99.0,75.0,440.0,420.0,0.21646759543664196,30.39489912873196,0.13071037674019947,1,1
Alabama,1975,100.0,74.0,92.0,57.0,98.0,66.0,405.0,395.0,0.9759278817295955,29.66831052643474,0.8866042152404667,1,1
Alabama,1976,98.0,72.0,93.0,71.0,98.0,80.0,325.0,315.0,0.8659541126403374,33.1876997212895,0.4497846488213225,1,1
Alabama,1977,99.0,74.0,91.0,72.0,97.0,85.0,310.0,305.0,0.36987128854262097,25.449918005726264,0.19462251182076507,1,1
Alabama,1978,100.0,66.0,95.0,64.0,95.0,69.0,325.0,321.0,0.3454599737656805,26.650625323533145,0.3677593508772896,1,1
Alabama,1979,100.0,70.0,84.0,63.0,84.0,68.0,377.0,372.0,0.34672360788274703,23.106181421088465,0.41412975252892703,1,1
Alabama,1980,100.0,73.0,93.0,63.0,93.0,70.0,287.0,285.0,0.4433937943676302,25.77853369961944,0.8275378955668743,0,1
Alabama,1981,99.0,73.0,97.0,57.0,91.0,68.0,219.0,215.0,0.6198051453057902,29.88650246522426,0.733614380561402,0,1
Alabama,1982,100.0,101.0,93.0,65.0,93.0,72.0,309.0,307.0,0.5455560149136927,31.78494308322676,0.7693048936413398,1,1
Alabama,1983,100.0,79.0,86.0,62.0,89.0,72.0,330.0,329.0,0.43298331215843355,23.389173379111874,0.011031264428647214,1,1
Alabama,1984,98.0,78.0,91.0,60.0,88.0,70.0,315.0,313.0,0.6894823157779035,32.3480296005283,0.4161539981797615,1,1
Alabama,1985,98.0,88.0,88.0,62.0,80.0,73.0,335.0,333.0,0.3115950885216335,34.778189294024756,0.4813441516353236,0,1
Alabama,1986,99.0,82.0,87.0,57.0,77.0,62.0,390.0,375.0,0.43371571882817456,30.067174516118506,0.019192276823056686,0,1
Alabama,1987,,,,,,,328.0,322.0,0.4930894746349534,37.38397906279033,0.2598132087450342,1,1
Alabama,1988,,,,,,,380.0,378.0,0.5648559873736287,24.131054004482134,0.760289823122135,1,1
Alabama,1989,,,,,,,410.0,405.0,0.8281407691144109,21.776726483442914,0.13710970572899905,0,0
Alabama,1990,,,,,,,415.0,408.0,0.3597390257266878,19.106398755478608,0.5353101314525917,0,1
Alabama,1991,,,,,,,443.0,430.0,0.6113875507308892,35.480221557445915,0.2152018720172375,0,0
Alabama,1992,,,,,,,463.0,455.0,0.6739316550896339,31.27182828177029,0.012120774643893273,0,0
Alabama,1993,,,,,,,590.0,578.0,0.2371603301759982,27.722076645447725,0.24120145759954148,1,1
Alabama,1994,,,,,,,520.0,516.0,0.6860358815211507,29.399843131599102,0.9758737549100538,0,1
Alabama,1995,,,,,,,535.0,442.0,0.33641929894983325,22.372554763508116,0.8015371118829896,0,1
Alabama,1996,,,,,,,495.0,475.0,0.25204127438822366,40.228759898084135,0.9595766443210334,1,1
Alabama,1997,100.0,89.0,93.0,54.0,95.0,79.0,565.0,561.0,0.9591084298026666,28.646105909876137,0.48785404392636245,0,0
Alabama,1998,99.0,78.0,94.0,59.0,94.0,76.0,590.0,530.0,0.9725056264596474,28.546973973024464,0.1097361986775035,0,0
Alabama,1999,97.0,84.0,94.0,69.0,95.0,84.0,610.0,605.0,0.846717878493169,31.62883311949346,0.547959488973693,0,0
Alabama,2000,100.0,103.0,95.0,63.0,91.0,87.0,590.0,540.0,0.4436910153386966,30.405046158683568,0.4543773345599609,1,1
Alabama,2001,,,,,,,525.0,510.0,0.2781376912051071,29.119420121395656,0.844357082739616,0,1
Alabama,2002,,,,,,,550.0,540.0,0.7473864212097256,24.04762772277344,0.09808258078424459,1,1
Alabama,2003,97.0,102.0,84.0,70.0,83.0,77.0,550.0,545.0,0.5521219949916811,30.357341785679978,0.4882411370217782,1,1
Alabama,2004,,,,,,,575.0,560.0,0.2976305878758231,37.41012248237517,0.15004866469398426,0,1
Alabama,2005,,,,,,,400.0,385.0,0.5961415280890161,34.72710023077489,0.32467592689006,0,0
Alabama,2006,,,,,,,290.0,286.0,0.22751081689217473,35.965933133196984,0.7373570773877997,0,1
Alabama,2007,97.0,88.0,87.0,49.0,90.0,65.0,255.0,248.0,0.9274563216630256,25.443921617844076,0.47601812936876653,0,0
Alabama,2008,,,,,,,340.0,338.0,0.40702398528001354,23.051975898707095,0.37588828514576933,1,1
Alabama,2009,,,,,,,460.0,443.0,0.7300178274831857,27.37106539950176,0.3944762785700353,0,0
Alabama,2010,,,,,,,380.0,378.0,0.4493688608715288,28.278624561443472,0.45944676840598664,0,1
Alabama,2011,,,,,,,365.0,359.0,0.6160544169422486,33.47095759235474,0.7850165438370569,0,1
Alabama,2012,,,,,,,350.0,348.0,0.6373682234746237,19.537676851425903,0.8920846889402344,1,1
Alabama,2013,,,,,,,315.0,307.0,0.3478835644204217,35.64775159730307,0.9553346865039283,0,1
Alabama,2014,,,,,,,345.0,343.0,0.9756677022116469,27.209960507105052,0.7869033862552951,0,1
Alabama,2015,99.0,91.0,78.0,53.0,79.0,95.0,435.0,430.0,0.8201062586888916,25.8655946502629,0.31540689574801273,1,1
Alabama,2016,,,,,,,510.0,497.0,0.9515991532513512,22.93947812369916,0.6881347060865421,1,1
Alabama,2017,93.0,104.0,72.0,62.0,81.0,83.0,540.0,535.0,0.915861880342119,19.725716640671152,0.4376031240553919,0,0
Arizona,1964,94.0,130.0,50.0,66.0,2.0,,,,0.6783199830488682,32.11585291980957,0.2546706220460512,0,0
Arizona,1965,92.0,131.0,42.0,78.0,2.0,8.0,,,0.9374993880184934,28.36658983594202,0.8408715794259226,0,1
Arizona,1966,96.0,141.0,45.0,69.0,1.0,15.0,,,0.2707940016415356,21.55019550129473,0.038426348962324997,0,1
Arizona,1967,89.0,141.0,47.0,62.0,1.0,40.0,,,0.3567862899353162,21.52460613968192,0.9017619921354235,0,1
Arizona,1968,95.0,142.0,46.0,68.0,1.0,36.0,,,0.23618183112843047,26.32107650354936,0.46147746462473416,1,1
Arizona,1969,97.0,145.0,39.0,70.0,2.0,12.0,,,0.4602642646106115,36.34510762644696,0.6372014768082804,1,1
Arizona,1970,90.0,135.0,36.0,59.0,4.0,16.0,,,0.5109418317515857,26.702043243181976,0.6593539222057827,0,1
Arizona,1971,91.0,123.0,46.0,62.0,3.0,41.0,,,0.41707922541911674,20.48428523440947,0.8951177407065364,0,1
Arizona,1972,82.0,117.0,49.0,57.0,4.0,39.0,,,0.8629900073215435,26.77128467957028,0.6366696821672073,1,1
Arizona,1973,88.0,120.0,53.0,66.0,2.0,34.0,269.0,268.0,0.4854026613548714,26.636382151261646,0.6139335847600618,0,1
Arizona,1974,97.0,123.0,51.0,58.0,2.0,27.0,341.0,340.0,0.4247476077499046,14.515566785292142,0.06665204056068996,0,1
Arizona,1975,82.0,117.0,34.0,49.0,2.0,22.0,517.0,515.0,0.6341568665265989,27.72852566741094,0.5184080219452041,0,0
Arizona,1976,88.0,155.0,47.0,62.0,1.0,16.0,540.0,538.0,0.31273937997981016,26.84532734895661,0.15016900081704165,0,1
Arizona,1977,92.0,148.0,58.0,59.0,1.0,37.0,580.0,575.0,0.8417575846032317,31.48103182406709,0.7374337687214856,0,1
Arizona,1978,89.0,135.0,38.0,53.0,1.0,26.0,550.0,549.0,0.2596405149438167,37.244780474726724,0.5122219208126745,1,1
Arizona,1979,93.0,142.0,46.0,61.0,3.0,55.0,600.0,599.0,0.9895095492804138,33.632825147738785,0.6802277792083533,0,1
Arizona,1980,90.0,161.0,34.0,72.0,2.0,9.0,471.0,470.0,0.8177958154373259,26.655556547225846,0.041672900602384266,0,0
Arizona,1981,92.0,159.0,36.0,67.0,2.0,7.0,291.0,284.0,0.35897254522733796,22.467370456291647,0.08479201604580322,0,1
Arizona,1982,94.0,126.0,35.0,59.0,3.0,34.0,430.0,429.0,0.20441769369888194,40.8667990162493,0.7163233880626823,1,1
Arizona,1983,90.0,113.0,45.0,43.0,11.0,14.0,360.0,359.0,0.8523691427638673,28.29609217007244,0.07208433599867337,1,1
Arizona,1984,98.0,150.0,48.0,59.0,4.0,29.0,250.0,249.0,0.7654858750780937,28.06964645956473,0.0712567277652586,1,1
Arizona,1985,95.0,157.0,51.0,55.0,9.0,6.0,290.0,289.0,0.7832057344327898,27.879374564449982,0.01210847523488745,1,1
Arizona,1986,93.0,122.0,39.0,47.0,7.0,12.0,350.0,349.0,0.8170162773487566,28.990423803839274,0.9565013982994801,0,1
Arizona,1987,95.0,159.0,39.0,70.0,,,240.0,239.0,0.2592357213872723,27.278197940380288,0.737508359459007,1,1
Arizona,1988,90.0,144.0,58.0,59.0,7.0,14.0,350.0,348.0,0.48677258283541813,25.131689965598817,0.35325140850206416,0,1
Arizona,1989,95.0,178.0,51.0,64.0,3.0,,360.0,359.0,0.2926952476201038,25.26570529379804,0.2965355812876552,0,1
Arizona,1990,94.0,155.0,47.0,68.0,8.0,,325.0,323.0,0.890482740700475,27.836233648920008,0.34970322974584955,1,1
Arizona,1991,99.0,170.0,62.0,66.0,18.0,10.0,316.0,315.0,0.6986385014620464,25.282876144331176,0.7746535311811819,1,1
Arizona,1992,94.0,132.0,43.0,45.0,9.0,24.0,313.0,312.0,0.46471841988211937,24.435771086614178,0.6613706110704144,1,1
Arizona,1993,98.0,149.0,44.0,68.0,10.0,5.0,365.0,364.0,0.25084668022881895,28.532151138459483,0.18519556786746794,1,1
Arizona,1994,99.0,223.0,45.0,53.0,22.0,10.0,315.0,314.0,0.4487858573725298,26.725113912895722,0.17410933533408435,1,1
Arizona,1995,95.0,194.0,34.0,65.0,,,325.0,324.0,0.46014665762139767,35.51996494291345,0.09839564971339732,0,1
Arizona,1996,98.0,148.0,43.0,49.0,11.0,44.0,250.0,248.0,0.7836849426704513,14.745150958034941,0.6603027197013381,1,1
Arizona,1997,99.0,130.0,29.0,55.0,4.0,46.0,270.0,269.0,0.7100459770841705,33.45753425961231,0.7643726622217359,1,1
Arizona,1998,98.0,141.0,38.0,63.0,13.0,9.0,280.0,278.0,0.9097701940610612,34.23042596248815,0.265046428325004,1,1
Arizona,1999,99.0,149.0,22.0,84.0,15.0,18.0,295.0,290.0,0.5777719401295595,17.63304883795925,0.020944961030912812,0,0
Arizona,2000,98.0,129.0,30.0,57.0,8.0,39.0,215.0,213.0,0.29567539675064136,26.286562029598258,0.08217166747642735,1,1
Arizona,2001,,,,,,,215.0,213.0,0.7705958297783961,26.142795670021044,0.9678600348450305,0,1
Arizona,2002,,,,,,,240.0,238.0,0.8086280388935181,20.962441526410892,0.29544477747742026,1,1
Arizona,2003,93.0,178.0,35.0,63.0,11.0,33.0,230.0,229.0,0.649021758055597,24.110916562045624,0.7692231478381336,1,1
Arizona,2004,,,,,,,190.0,188.0,0.8167737439636489,22.447120772670857,0.6246635688542638,0,1
Arizona,2005,,,,,,,170.0,168.0,0.5950364770915126,36.761352217118116,0.3819396396528959,1,1
Arizona,2006,,,,,,,135.0,133.0,0.6181862635055952,32.678391965737305,0.2056872621955551,0,0
Arizona,2007,,,,,,,145.0,144.0,0.5420328146868397,34.35777547497079,0.12138641815940643,0,0
Arizona,2008,,,,,,,195.0,193.0,0.22033530139527616,31.608360320216175,0.6150129680388666,0,1
Arizona,2009,,,,,,,250.0,248.0,0.2863131415946436,22.354741143913856,0.774633780637788,1,1
Arizona,2010,,,,,,,200.0,197.0,0.22514334854938742,25.37739866860113,0.6439042535411307,1,1
Arizona,2011,,,,,,,160.0,159.0,0.7091283290110244,30.44687280613959,0.5303021332491583,1,1
Arizona,2012,,,,,,,150.0,149.0,0.45148478486106136,21.889360955540273,0.041951223431636264,0,1
Arizona,2013,,,,,,,89.0,88.0,0.6068565529317622,31.56499215086194,0.9684887775943838,1,1
Arizona,2014,,,,,,,120.0,118.0,0.9260531791408744,26.798373009209325,0.7987141916545746,0,1
Arizona,2015,98.0,120.0,50.0,43.0,15.0,9.0,160.0,159.0,0.39943378331909996,26.125895962252013,0.29282203670096474,1,1
Arizona,2016,,,,,,,160.0,159.0,0.5283063384285038,31.554799841017456,0.9799703293588506,0,1
Arizona,2017,,,,,,,160.0,159.0,0.804440910834439,30.2213165574302,0.6018815896363221,0,1
Arkansas,1964,97.0,68.0,59.0,39.0,65.0,48.0,,,0.383038532393298,26.1951691709046,0.5824226582072465,0,1
Arkansas,1965,99.0,72.0,72.0,46.0,73.0,51.0,,,0.2615839278630344,33.79664901682124,0.7480731794295321,1,1
Arkansas,1966,97.0,70.0,77.0,44.0,76.0,51.0,,,0.43180116233101445,22.594683362000513,0.8117697880901376,0,1
Arkansas,1967,98.0,68.0,79.0,41.0,79.0,47.0,,,0.32897702980320354,31.07967803472132,0.6564786073315027,0,1
Arkansas,1968,99.0,63.0,66.0,45.0,61.0,55.0,,,0.9437581218740585,30.96550628984192,0.12809574636620003,0,0
Arkansas,1969,96.0,65.0,68.0,46.0,68.0,54.0,,,0.8464963036515336,26.452267803430047,0.3382675059944984,0,0
Arkansas,1970,95.0,67.0,60.0,43.0,63.0,53.0,,,0.7067230052083389,29.63066511121059,0.9280836403260497,0,1
Arkansas,1971,98.0,63.0,64.0,40.0,65.0,50.0,,,0.8971684721501743,21.744432118073483,0.22461561184385193,0,0
Arkansas,1972,99.0,62.0,72.0,44.0,70.0,54.0,,,0.8429376615192916,32.6201350960345,0.3721670238375133,1,1
Arkansas,1973,97.0,69.0,70.0,45.0,69.0,50.0,700.0,680.0,0.3492560471088287,27.075489317785056,0.432076882944196,1,1
Arkansas,1974,98.0,68.0,72.0,40.0,75.0,46.0,1125.0,950.0,0.9140471987919823,25.386384897404803,0.4394049896944522,0,0
Arkansas,1975,98.0,57.0,67.0,40.0,72.0,46.0,950.0,930.0,0.6314737935325205,33.245046129184445,0.6129395824945255,1,1
Arkansas,1976,97.0,65.0,74.0,41.0,77.0,55.0,810.0,760.0,0.84595212413125,24.478281547286205,0.9430758377447076,1,1
Arkansas,1977,95.0,66.0,75.0,48.0,78.0,60.0,610.0,530.0,0.9168730399387945,20.957693518182204,0.24069271183250496,0,0
Arkansas,1978,93.0,64.0,62.0,42.0,74.0,50.0,700.0,645.0,0.4544027799774911,20.216854132380483,0.12150137630091806,0,1
Arkansas,1979,98.0,62.0,78.0,37.0,83.0,51.0,610.0,560.0,0.2880415396221414,31.030049756728197,0.19747048985993731,0,1
Arkansas,1980,98.0,59.0,76.0,39.0,85.0,53.0,410.0,390.0,0.3823481300335534,21.597853237518585,0.8869249002092695,1,1
Arkansas,1981,97.0,64.0,59.0,40.0,62.0,58.0,320.0,290.0,0.5416862309010051,36.77397090992182,0.645810812655206,0,1
Arkansas,1982,97.0,67.0,68.0,36.0,72.0,48.0,470.0,465.0,0.8544118127379945,17.59035296058139,0.28590678923916013,1,1
Arkansas,1983,97.0,69.0,68.0,34.0,70.0,46.0,465.0,440.0,0.8885844666050748,36.48228184145019,0.8159469389686173,0,1
Arkansas,1984,97.0,75.0,80.0,38.0,82.0,53.0,490.0,480.0,0.20556170442495258,29.05508733601309,0.861369996363436,1,1
Arkansas,1985,100.0,70.0,76.0,37.0,77.0,51.0,555.0,550.0,0.6085978420620526,27.516434440648037,0.846514338690278,0,1
Arkansas,1986,99.0,84.0,68.0,39.0,81.0,65.0,695.0,675.0,0.5339288025190232,25.275404565955252,0.9189265336395545,0,1
Arkansas,1987,99.0,81.0,75.0,43.0,79.0,63.0,610.0,595.0,0.3776862483765842,29.995680571760353,0.2522410201733616,1,1
Arkansas,1988,99.0,79.0,71.0,44.0,75.0,58.0,770.0,750.0,0.29589229386694627,27.81182648787576,0.7550419287462783,1,1
Arkansas,1989,94.0,80.0,70.0,35.0,71.0,62.0,1000.0,980.0,0.4700921371229024,33.516509410082605,0.46053949727414,1,1
Arkansas,1990,99.0,85.0,83.0,36.0,87.0,57.0,1000.0,980.0,0.9543277631300153,28.571138243310198,0.8419985528900615,1,1
Arkansas,1991,96.0,86.0,70.0,40.0,73.0,61.0,990.0,970.0,0.4585623456166042,28.75150880730939,0.7284906771616132,1,1
Arkansas,1992,98.0,88.0,64.0,44.0,74.0,66.0,980.0,970.0,0.6150324973946929,26.18193893893072,0.7764474464997246,1,1
Arkansas,1993,96.0,103.0,76.0,48.0,74.0,76.0,1170.0,1110.0,0.7624151671161423,27.715271881394663,0.6561618376810715,0,1
Arkansas,1994,93.0,110.0,70.0,44.0,81.0,73.0,1000.0,990.0,0.4909036819034352,29.539008844460295,0.17742876946970687,1,1
Arkansas,1995,97.0,101.0,74.0,45.0,85.0,75.0,980.0,965.0,0.9774256661767686,19.449158036716874,0.5450269188969383,0,0
Arkansas,1996,97.0,97.0,66.0,38.0,71.0,70.0,920.0,900.0,0.9699578359536891,21.259072889471433,0.9846697395245082,0,1
Arkansas,1997,92.0,77.0,83.0,54.0,91.0,67.0,970.0,960.0,0.40142583666029136,31.716320470113576,0.9373880664971189,1,1
Arkansas,1998,98.0,91.0,88.0,42.0,88.0,76.0,960.0,950.0,0.5977988047139084,28.854327190639708,0.04317373579701167,0,0
Arkansas,1999,97.0,93.0,82.0,40.0,85.0,77.0,1080.0,1065.0,0.44070264785341573,27.080083318236603,0.16481481572943713,1,1
Arkansas,2000,100.0,88.0,78.0,41.0,84.0,82.0,960.0,920.0,0.4278723955019741,28.092169665326967,0.1317287734545619,1,1
Arkansas,2001,93.0,80.0,63.0,36.0,68.0,73.0,980.0,945.0,0.22950955788362626,29.737908526808354,0.7259799099852955,0,1
Arkansas,2002,,,,,,,910.0,900.0,0.6876514671839176,25.301201598453193,0.8177853298569451,0,1
Arkansas,2003,97.0,94.0,84.0,41.0,90.0,91.0,1050.0,1040.0,0.6021432185830893,24.108476372988438,0.2135113663106719,1,1
Arkansas,2004,,,,,,,1170.0,1160.0,0.2411830009999915,28.979226275488408,0.505852692951829,1,1
Arkansas,2005,,,,,,,860.0,850.0,0.4229171713892892,23.10813611192484,0.8407030280112,0,1
Arkansas,2006,,,,,,,620.0,615.0,0.9266127087733229,30.041263778572358,0.7328015447662506,0,1
Arkansas,2007,98.0,111.0,83.0,41.0,85.0,87.0,520.0,500.0,0.39164951253357794,19.4870819788108,0.5422372054918483,0,1
Arkansas,2008,,,,,,,545.0,540.0,0.3159158976729785,33.14577818662822,0.5903476904587729,0,1
Arkansas,2009,,,,,,,680.0,660.0,0.5915622082220504,30.362987412065216,0.50836054691628,1,1
Arkansas,2010,98.0,108.0,83.0,42.0,86.0,74.0,595.0,585.0,0.9885203632884807,29.28014867156938,0.2975484513188206,1,1
Arkansas,2011,,,,,,,310.0,305.0,0.39364421720920034,32.91345491972757,0.5650219928590161,1,1
Arkansas,2012,,,,,,,335.0,330.0,0.737708437924703,36.32737222231288,0.6888853020500907,1,1
Arkansas,2013,,,,,,,210.0,207.0,0.8092956922629742,33.07185032509065,0.8733229158608077,0,1
Arkansas,2014,,,,,,,380.0,375.0,0.39011003519391974,18.795628843341774,0.6362913539792481,0,1
Arkansas,2015,100.0,129.0,79.0,47.0,80.0,86.0,445.0,438.0,0.7825730788894878,21.602115166321493,0.761121537043158,1,1
Arkansas,2016,,,,,,,485.0,480.0,0.4942265061754026,24.875907111521606,0.160071634954573,1,1
Arkansas,2017,97.0,160.0,74.0,53.0,79.0,100.0,620.0,610.0,0.7058446644748637,28.13045525105417,0.4615574744197899,1,1
California,1964,95.0,111.0,48.0,62.0,8.0,26.0,,,0.7068237686087158,30.588295102345615,0.009331619827093296,1,1
California,1965,96.0,150.0,37.0,81.0,,,,,0.6286197472598067,24.371280934232672,0.24667886452162302,1,1
California,1966,94.0,138.0,26.0,72.0,4.0,16.0,,,0.27223181604352664,28.93383382238539,0.7264617151130048,1,1
California,1967,91.0,145.0,42.0,99.0,6.0,74.0,,,0.8682419964713903,24.22308533823339,0.9918099513493635,1,1
California,1968,94.0,157.0,47.0,88.0,6.0,46.0,,,0.4566240519773887,24.942410985040258,0.0991780995872159,1,1
California,1969,93.0,135.0,42.0,91.0,1.0,31.0,,,0.3492148083198834,20.96669451575889,0.40149431586128825,1,1
California,1970,92.0,129.0,41.0,60.0,9.0,24.0,,,0.23262011324381116,23.38383376944548,0.8000709686991595,0,1
California,1971,90.0,124.0,41.0,73.0,6.0,37.0,,,0.6727143545505935,21.24157697191833,0.20403563462889884,1,1
California,1972,92.0,121.0,43.0,70.0,12.0,49.0,,,0.7420514894738259,23.120633735113337,0.5550849493022862,0,0
California,1973,88.0,125.0,45.0,84.0,9.0,50.0,900.0,875.0,0.21327026314228492,33.2682089830392,0.7330712960296748,0,1
California,1974,84.0,104.0,38.0,59.0,10.0,22.0,1130.0,1120.0,0.6096744466394248,23.253005555840286,0.615985450260179,1,1
California,1975,86.0,137.0,30.0,74.0,1.0,43.0,1400.0,1390.0,0.3811966201583504,41.161910324186955,0.18802473461541613,1,1
California,1976,94.0,146.0,47.0,78.0,7.0,70.0,1480.0,1455.0,0.71613823232756,30.466589504404446,0.3553845686857394,0,0
California,1977,95.0,142.0,47.0,75.0,10.0,50.0,1650.0,1635.0,0.33949314320399315,28.92418061847437,0.7837917844853972,0,1
California,1978,96.0,120.0,39.0,81.0,8.0,67.0,1550.0,1540.0,0.7527501904819729,23.708211099093933,0.5542265141320166,1,1
California,1979,94.0,106.0,31.0,65.0,5.0,44.0,1540.0,1530.0,0.5093882770404299,31.501549397044958,0.005229613542912737,0,0
California,1980,95.0,108.0,27.0,61.0,3.0,75.0,1380.0,1370.0,0.9493839909893877,25.12181086881113,0.7609907600280938,1,1
California,1981,97.0,110.0,36.0,73.0,5.0,84.0,960.0,950.0,0.3100167553167946,28.610049073226808,0.03531135494023907,1,1
California,1982,95.0,117.0,30.0,61.0,4.0,39.0,1410.0,1400.0,0.47285308084020683,40.800422691343975,0.7457337827312321,1,1
California,1983,95.0,117.0,33.0,52.0,6.0,38.0,1330.0,1320.0,0.29077881699247127,27.51970050137675,0.2024805601652374,0,1
California,1984,91.0,116.0,27.0,61.0,2.0,87.0,1000.0,990.0,0.9397548946228502,33.74636663142838,0.9580734801193802,0,1
California,1985,87.0,118.0,23.0,56.0,3.0,112.0,1150.0,1140.0,0.9018714827047849,24.48411787437056,0.3679407513020845,1,1
California,1986,92.0,104.0,16.0,62.0,2.0,24.0,1350.0,1335.0,0.4063533021721245,27.82505754751519,0.3269316163380791,0,1
California,1987,93.0,115.0,26.0,60.0,,,1050.0,1040.0,0.7279872368273432,36.85400317817755,0.14888805033244468,0,0
California,1988,93.0,124.0,36.0,45.0,16.0,39.0,1100.0,1090.0,0.8537777601609726,24.865164711061162,0.3056042154902149,0,0
California,1989,97.0,123.0,42.0,56.0,13.0,14.0,980.0,977.0,0.64416064927957,37.062242789984644,0.8766507618282006,0,1
California,1990,94.0,140.0,31.0,68.0,3.0,40.0,1000.0,995.0,0.6237204626848052,31.538759677277376,0.9963343376272473,0,1
California,1991,95.0,138.0,35.0,87.0,10.0,38.0,1050.0,1045.0,0.39348183272036136,25.18766612052866,0.36830953050684834,0,1
California,1992,97.0,131.0,32.0,86.0,5.0,42.0,1100.0,1095.0,0.2744822142447194,31.162038695277605,0.44861063095454257,0,1
California,1993,98.0,139.0,33.0,51.0,6.0,,1170.0,1165.0,0.9177726063626614,32.86277224813365,0.722070938202737,1,1
California,1994,96.0,188.0,35.0,60.0,24.0,39.0,1000.0,995.0,0.9203344457306644,31.10904981108598,0.8861957804650745,0,1
California,1995,99.0,167.0,40.0,63.0,21.0,72.0,880.0,875.0,0.7064811658186143,20.148876400547717,0.5930443341867842,0,0
California,1996,96.0,175.0,37.0,83.0,16.0,58.0,650.0,620.0,0.4712238328389606,24.364314120875658,0.39152569817782934,0,1
California,1997,96.0,145.0,25.0,60.0,26.0,72.0,610.0,605.0,0.47936765969012873,26.762406822242475,0.41262184084862374,0,1
California,1998,98.0,128.0,23.0,75.0,13.0,83.0,775.0,770.0,0.7807645430961916,27.62783285449977,0.6956181464968069,0,1
California,1999,99.0,154.0,51.0,61.0,19.0,97.0,630.0,625.0,0.9176882079620616,31.103360487753392,0.0032182636042786816,0,0
California,2000,98.0,139.0,29.0,57.0,12.0,58.0,480.0,477.0,0.9096691394120939,28.888505004666268,0.6195893374598407,0,1
California,2001,,,,,,,550.0,545.0,0.8239004366860991,21.323278206449494,0.3554930104413574,0,0
California,2002,,,,,,,560.0,557.0,0.7136253169234303,29.900989255029817,0.7941973312770843,1,1
California,2003,94.0,141.0,47.0,55.0,25.0,84.0,430.0,428.0,0.26731197199603907,31.052928726419115,0.09299063982313216,0,1
California,2004,,,,,,,285.0,283.0,0.329302971275691,30.7989522396552,0.5882022669483905,0,1
California,2005,,,,,,,195.0,194.0,0.9188433508216634,33.40390362777311,0.48097288988612374,0,0
California,2006,,,,,,,120.0,117.0,0.685143247727672,32.16961077274452,0.6423255259052274,0,1
California,2007,96.0,123.0,39.0,74.0,20.0,48.0,71.0,70.0,0.20735764129330372,30.295900396142184,0.06485359448296835,1,1
California,2008,,,,,,,124.0,123.0,0.2811772342928257,27.649171442706766,0.5799837874281313,1,1
California,2009,,,,,,,182.0,181.0,0.7308014152864446,19.69519533242004,0.5614845879595237,1,1
California,2010,,,,,,,142.0,141.0,0.20404926707697496,30.148091095662927,0.5606600944161709,1,1
California,2011,,,,,,,93.0,92.0,0.32864644113399893,29.038438435815557,0.6034876665964548,1,1
California,2012,,,,,,,63.0,61.0,0.6389870314932689,29.357894185976868,0.6764679372263622,1,1
California,2013,,,,,,,47.0,46.0,0.7535161581541547,21.616257120898453,0.8049889996807698,1,1
California,2014,,,,,,,63.0,62.0,0.7215690076020804,22.594717297958688,0.26982072012821434,1,1
California,2015,94.0,97.0,28.0,31.0,33.0,48.0,88.0,87.0,0.37941544756844786,33.26576426666452,0.8250494101800621,1,1
California,2016,,,,,,,48.0,47.0,0.7697433770780286,27.802224230716725,0.4982556822634536,1,1
California,2017,,,,,,,55.0,54.0,0.3897992699974401,31.40750348686312,0.07705827913433116,1,1
Georgia,1964,100.0,80.0,99.0,64.0,100.0,89.0,,,0.4603197585274142,28.141591880652307,0.0585509292439792,1,1
Georgia,1965,99.0,86.0,99.0,65.0,99.0,89.0,,,0.7971931240944194,28.148780697478728,0.3342383186960608,1,1
Georgia,1966,100.0,104.0,100.0,66.0,100.0,104.0,,,0.7197063192377717,32.69141902987999,0.7848969771114676,1,1
Georgia,1967,100.0,102.0,100.0,64.0,100.0,95.0,,,0.8793787283953425,25.41977635891313,0.7076809347409158,1,1
Georgia,1968,100.0,97.0,100.0,62.0,100.0,94.0,,,0.7260903138402748,28.480603884704916,0.7886149646724064,1,1
Georgia,1969,100.0,105.0,100.0,65.0,98.0,92.0,,,0.6546468826683773,25.688623556474788,0.5172690564416094,0,0
Georgia,1970,100.0,92.0,100.0,59.0,100.0,85.0,,,0.274939814262474,25.82751886283842,0.44019899795549056,1,1
Georgia,1971,100.0,94.0,100.0,61.0,100.0,90.0,,,0.49417264244754683,26.454139382656802,0.14745252670628395,0,1
Georgia,1972,100.0,82.0,100.0,60.0,98.0,91.0,,,0.4121618941453804,29.110668858168566,0.32819275360931155,1,1
Georgia,1973,100.0,95.0,100.0,65.0,100.0,102.0,165.0,160.0,0.39519171470326686,25.606256891682612,0.43401936617387527,1,1
Georgia,1974,100.0,119.0,98.0,65.0,100.0,103.0,255.0,240.0,0.9784084438019565,34.278780627867604,0.08860042967961723,0,0
Georgia,1975,100.0,130.0,100.0,53.0,100.0,84.0,230.0,170.0,0.5144781797334084,23.52696348890248,0.22061195271121126,1,1
Georgia,1976,100.0,92.0,100.0,61.0,98.0,88.0,120.0,115.0,0.9136372441416907,27.065641779193204,0.5982252940637388,0,0
Georgia,1977,100.0,109.0,100.0,67.0,100.0,110.0,155.0,150.0,0.7049109007978103,25.801344708629124,0.7356631142391898,0,1
Georgia,1978,100.0,78.0,100.0,60.0,100.0,93.0,170.0,160.0,0.8358490428333187,35.23488942176866,0.9983475113929496,0,1
Georgia,1979,86.0,69.0,96.0,47.0,99.0,79.0,180.0,175.0,0.6021096744841536,28.982773882557872,0.9331133313435577,1,1
Georgia,1980,93.0,80.0,98.0,50.0,98.0,77.0,163.0,158.0,0.6615231077010872,33.159222697343175,0.6425651995351915,1,1
Georgia,1981,100.0,63.0,93.0,48.0,85.0,83.0,120.0,115.0,0.5940141550550911,20.57219813481514,0.421248053294072,1,1
Georgia,1982,100.0,79.0,90.0,53.0,100.0,89.0,175.0,172.0,0.35619439023843563,29.335251329346296,0.6361773647082327,0,1
Georgia,1983,100.0,72.0,91.0,53.0,100.0,73.0,255.0,245.0,0.7779616922092043,32.44815397811718,0.785651618080232,0,1
Georgia,1984,100.0,69.0,93.0,51.0,98.0,88.0,225.0,195.0,0.4246178899526847,28.41141994637712,0.11833619092338732,1,1
Georgia,1985,100.0,78.0,93.0,62.0,100.0,86.0,250.0,245.0,0.2194527731451631,33.32740187532676,0.40990488969628824,1,1
Georgia,1986,92.0,80.0,87.0,55.0,90.0,88.0,350.0,315.0,0.7163778367257343,25.41355774949814,0.8398022856356172,1,1
Georgia,1987,,,,,,,265.0,260.0,0.34168854352563915,35.0467372009279,0.383832951933044,1,1
Georgia,1988,,,,,,,355.0,350.0,0.9523668674823316,39.49449061809625,0.5718722712271865,1,1
Georgia,1989,,,,,,,430.0,427.0,0.9631428616020699,26.185807197801704,0.5877693608621982,0,0
Georgia,1990,,,,,,,460.0,456.0,0.9318915121763589,25.77248739299614,0.18447625313363936,0,0
Georgia,1991,,,,,,,615.0,600.0,0.49612696020435554,35.2669223855885,0.3622354416522884,0,1
Georgia,1992,,,,,,,885.0,875.0,0.21236529322309394,35.89786072865356,0.33451128874193214,1,1
Georgia,1993,,,,,,,1500.0,1490.0,0.9426548500701804,25.385699864233658,0.026196708532064794,0,0
Georgia,1994,,,,,,,1340.0,1336.0,0.5425473186538514,25.899065914520712,0.024191763891355245,0,0
Georgia,1995,,,,,,,1440.0,1425.0,0.9733238552349357,26.591076955697464,0.8316970436757735,0,1
Georgia,1996,99.0,104.0,99.0,57.0,97.0,106.0,1370.0,1280.0,0.9708959816714022,21.277747444828613,0.2730708099728124,0,0
Georgia,1997,95.0,92.0,94.0,60.0,99.0,93.0,1470.0,1300.0,0.882407564373888,23.40674026757901,0.5180787662388154,0,0
Georgia,1998,96.0,91.0,90.0,58.0,92.0,97.0,1500.0,1350.0,0.4355591136556686,22.97929616623966,0.29872557358877305,1,1
Georgia,1999,100.0,87.0,98.0,57.0,100.0,109.0,1490.0,1480.0,0.5080781828815402,24.161012174479357,0.9406792451153405,0,1
Georgia,2000,96.0,87.0,94.0,55.0,93.0,84.0,1450.0,1360.0,0.8809093372134855,27.826575563066093,0.25929675886577375,1,1
Georgia,2001,99.0,79.0,92.0,52.0,93.0,85.0,1300.0,1290.0,0.45353760412502214,29.171073662682602,0.4296568127389351,1,1
Georgia,2002,,,,,,,1290.0,1280.0,0.33559419734887397,35.75250246407038,0.8727302504846018,1,1
Georgia,2003,100.0,96.0,90.0,56.0,91.0,90.0,1220.0,1210.0,0.6454410099666801,23.008229796306047,0.8419335667918086,1,1
Georgia,2004,,,,,,,1400.0,1370.0,0.9489238193286249,32.92161199238292,0.18610141784627732,1,1
Georgia,2005,,,,,,,1030.0,995.0,0.7568238373399785,26.930055778872454,0.8026433097957104,0,1
Georgia,2006,,,,,,,940.0,920.0,0.6560489360714921,27.752681451737836,0.45818688673789265,0,0
Georgia,2007,98.0,90.0,91.0,60.0,91.0,87.0,1000.0,990.0,0.2777411950166149,31.37409746083302,0.4829688720853552,1,1
Georgia,2008,,,,,,,1330.0,1315.0,0.6920057813593359,22.386389892188507,0.13347997241594378,1,1
Georgia,2009,,,,,,,1600.0,1495.0,0.9920430800834106,29.912048730920255,0.08060151375712465,1,1
Georgia,2010,95.0,95.0,86.0,59.0,91.0,105.0,1290.0,1280.0,0.31206721218921923,28.83226104106528,0.7279393069737652,0,1
Georgia,2011,,,,,,,1370.0,1340.0,0.6146637218909894,30.462256320040744,0.49646115235529975,1,1
Georgia,2012,,,,,,,1380.0,1370.0,0.9018984575423643,29.44584321953909,0.43685070261517955,0,0
Georgia,2013,,,,,,,1130.0,1120.0,0.7926148942033635,40.276500699554475,0.7295082286523967,1,1
Georgia,2014,,,,,,,1180.0,1165.0,0.7576125927962145,24.81130007874342,0.7655128989911097,0,1
Georgia,2015,99.0,90.0,82.0,51.0,97.0,96.0,1280.0,1270.0,0.7619872671896875,25.345015224990913,0.15890816766935356,1,1
Georgia,2016,,,,,,,1430.0,1305.0,0.48759292097580414,24.88429736787618,0.6102251494776413,0,1
Georgia,2017,100.0,112.0,81.0,55.0,91.0,89.0,1400.0,1390.0,0.4348734754115947,25.222614404198726,0.13535408227768553,1,1
Louisiana,1964,97.0,54.0,62.0,34.0,69.0,35.0,,,0.847488924382811,24.81306436346741,0.7513750860290457,0,1
Louisiana,1965,93.0,56.0,63.0,40.0,64.0,41.0,,,0.8480907157433446,33.94508265553776,0.6569551562671395,0,1
Louisiana,1966,90.0,69.0,58.0,48.0,58.0,48.0,,,0.893657854864083,35.102521239949276,0.956614621083458,0,1
Louisiana,1967,91.0,69.0,61.0,49.0,62.0,50.0,,,0.930592442045177,25.14626853125262,0.06895801635642118,0,0
Louisiana,1968,92.0,76.0,48.0,43.0,51.0,46.0,,,0.6090739190887502,23.838222134478855,0.05705472115125432,0,0
Louisiana,1969,97.0,63.0,62.0,46.0,64.0,47.0,,,0.6012130357497597,30.35707778193202,0.28218707469320015,0,0
Louisiana,1970,95.0,81.0,57.0,50.0,56.0,50.0,,,0.8386361431734202,25.238884778595143,0.26170568373590597,0,0
Louisiana,1971,98.0,69.0,69.0,50.0,69.0,53.0,,,0.7199711446222121,31.164659088777555,0.24697879907199982,1,1
Louisiana,1972,98.0,73.0,70.0,54.0,70.0,56.0,,,0.7615735018061627,29.0146151042565,0.9062545805210367,1,1
Louisiana,1973,91.0,71.0,60.0,59.0,60.0,60.0,320.0,310.0,0.8366341355488809,20.42127942501384,0.2495461998495061,1,1
Louisiana,1974,98.0,69.0,59.0,54.0,59.0,51.0,570.0,560.0,0.912004273454053,35.737526006650306,0.271949726128631,1,1
Louisiana,1975,98.0,69.0,50.0,45.0,50.0,45.0,545.0,540.0,0.47039612548122867,36.97938836547761,0.7593982624179637,1,1
Louisiana,1976,98.0,72.0,63.0,52.0,63.0,52.0,515.0,510.0,0.5004663621119552,24.93605654757807,0.44973984245054,0,0
Louisiana,1977,98.0,70.0,63.0,51.0,61.0,49.0,470.0,465.0,0.2751855518726952,26.061492200320078,0.7767105569551812,0,1
Louisiana,1978,99.0,78.0,81.0,48.0,81.0,49.0,570.0,560.0,0.6626241127969392,29.429326953624525,0.06536615756438524,0,0
Louisiana,1979,100.0,68.0,65.0,49.0,65.0,53.0,700.0,695.0,0.22875381903739367,29.672283949935125,0.4875711936733843,0,1
Louisiana,1980,96.0,69.0,92.0,48.0,92.0,52.0,605.0,595.0,0.5724784145059681,31.29272136336415,0.03361360018328263,0,0
Louisiana,1981,98.0,73.0,80.0,46.0,80.0,51.0,420.0,410.0,0.6341157077660613,38.05102269383175,0.06265320345535452,1,1
Louisiana,1982,98.0,74.0,73.0,47.0,72.0,53.0,650.0,645.0,0.42923300170262757,27.11526386252975,0.906437453344411,1,1
Louisiana,1983,100.0,69.0,62.0,42.0,70.0,58.0,640.0,630.0,0.6726666084552086,24.00851377730773,0.13924537111759516,1,1
Louisiana,1984,99.0,81.0,77.0,52.0,77.0,59.0,580.0,570.0,0.22440019995123955,21.103403859927365,0.5324206822752171,1,1
Louisiana,1985,100.0,80.0,70.0,48.0,76.0,64.0,605.0,600.0,0.22987855099937154,24.345349800290403,0.41109560260070654,0,1
Louisiana,1986,100.0,95.0,72.0,43.0,73.0,48.0,735.0,645.0,0.8580804485277267,27.834365135631014,0.3473433262588427,0,0
Louisiana,1987,100.0,74.0,68.0,47.0,71.0,55.0,645.0,620.0,0.4881525131290103,36.97278931758894,0.8998333456872725,0,1
Louisiana,1988,94.0,88.0,59.0,51.0,65.0,58.0,810.0,790.0,0.30164841012150784,25.411943504819142,0.0218233967754895,1,1
Louisiana,1989,100.0,86.0,70.0,45.0,72.0,55.0,875.0,820.0,0.6177946080438435,29.118939758194493,0.6637896861755891,0,1
Louisiana,1990,99.0,77.0,62.0,48.0,62.0,62.0,890.0,870.0,0.8159948424788888,27.91788551963624,0.9633944342135504,1,1
Louisiana,1991,90.0,100.0,46.0,55.0,43.0,79.0,890.0,875.0,0.3726568219974746,33.94196636724042,0.5601681834618419,0,1
Louisiana,1992,98.0,78.0,57.0,44.0,59.0,75.0,900.0,890.0,0.6983123806552003,40.63466212936811,0.9368224620330918,0,1
Louisiana,1993,86.0,85.0,51.0,45.0,52.0,66.0,1085.0,1075.0,0.2682779719950144,25.345656135398396,0.05225787928602377,1,1
Louisiana,1994,92.0,157.0,40.0,45.0,40.0,59.0,890.0,885.0,0.24134537693488617,25.55280278740889,0.4187933190741614,0,1
Louisiana,1995,88.0,117.0,42.0,47.0,48.0,73.0,655.0,650.0,0.6250837052545184,33.22080438534536,0.26015779096205116,0,0
Louisiana,1996,91.0,74.0,64.0,45.0,67.0,67.0,535.0,525.0,0.6325080972880852,31.40945744813156,0.7308209649807298,1,1
Louisiana,1997,98.0,79.0,71.0,51.0,76.0,70.0,615.0,610.0,0.7099439211985652,37.23353662868017,0.9812970904972467,0,1
Louisiana,1998,99.0,90.0,69.0,42.0,73.0,76.0,710.0,695.0,0.7808730669781292,30.919640926629818,0.2565300624442478,1,1
Louisiana,1999,100.0,85.0,43.0,55.0,45.0,68.0,870.0,855.0,0.9806816635700277,26.203539546064704,0.6541746014740745,0,1
Louisiana,2000,100.0,86.0,64.0,44.0,66.0,70.0,520.0,495.0,0.6130402786409563,30.953274153461546,0.19809763275974013,0,0
Louisiana,2001,95.0,86.0,50.0,42.0,52.0,77.0,525.0,510.0,0.4583651783529968,33.54351790291454,0.5653302545716099,0,1
Louisiana,2002,,,,,,,500.0,490.0,0.8361489558149631,32.10241090598682,0.4639324866883362,0,0
Louisiana,2003,99.0,87.0,45.0,37.0,59.0,52.0,610.0,600.0,0.4166658010096594,30.53637015553649,0.9720053296315371,0,1
Louisiana,2004,,,,,,,635.0,630.0,0.5511771365645088,33.33337344794577,0.6085272726964666,0,1
Louisiana,2005,,,,,,,335.0,330.0,0.2627651050738128,33.84647795222836,0.3495063720868188,0,1
Louisiana,2006,,,,,,,300.0,234.0,0.22028059473236603,34.91079495518763,0.11409578488793337,0,1
Louisiana,2007,100.0,87.0,70.0,35.0,63.0,76.0,230.0,225.0,0.9701187317423401,31.243549437948214,0.15124682873493456,1,1
Louisiana,2008,,,,,,,255.0,249.0,0.8687840964097646,27.164409598415727,0.2253169299512351,1,1
Louisiana,2009,,,,,,,295.0,290.0,0.7567793648749583,28.733568432166614,0.250966661340298,0,0
Louisiana,2010,,,,,,,230.0,225.0,0.527162355531416,34.03254483254179,0.8506160578411378,0,1
Louisiana,2011,,,,,,,130.0,128.0,0.33863545605667666,23.91532164506382,0.5612227882825249,1,1
Louisiana,2012,,,,,,,170.0,168.0,0.3251496341368688,29.843366544364507,0.5233909113743664,0,1
Louisiana,2013,,,,,,,115.0,112.0,0.4001943185316763,26.033305938363196,0.11476887186921747,0,1
Louisiana,2014,,,,,,,140.0,137.0,0.6393813317648964,28.143724114674086,0.860139693349435,1,1
Louisiana,2015,,,,,,,220.0,217.0,0.77167673816005,34.39225931303649,0.7228143032084837,0,1
Louisiana,2016,,,,,,,195.0,189.0,0.728157901374185,28.955495340099517,0.06766836190000158,0,0
Louisiana,2017,,,,,,,280.0,270.0,0.4239471175567543,28.232182740780743,0.7078350972297687,1,1
Mississippi,1964,99.0,77.0,59.0,50.0,59.0,50.0,,,0.9638922245305552,21.200719295100406,0.5435382173426461,0,0
Mississippi,1965,100.0,104.0,56.0,58.0,54.0,55.0,,,0.7903175333566148,31.731267830136105,0.08172534574677826,0,0
Mississippi,1966,98.0,98.0,71.0,54.0,72.0,55.0,,,0.6434832420091205,31.227420905705376,0.45830064152865646,1,1
Mississippi,1967,97.0,98.0,58.0,56.0,58.0,57.0,,,0.6893765969874819,38.8162736165273,0.484696287130047,0,0
Mississippi,1968,100.0,91.0,63.0,52.0,62.0,53.0,,,0.535680049942232,26.461108825234994,0.16577454016327575,1,1
Mississippi,1969,100.0,93.0,59.0,56.0,59.0,57.0,,,0.398184791600926,29.095751638319694,0.9456981470002823,0,1
Mississippi,1970,99.0,96.0,42.0,60.0,42.0,61.0,,,0.4847781429210093,29.246918418553776,0.8499753714806619,0,1
Mississippi,1971,100.0,93.0,41.0,55.0,43.0,63.0,,,0.8062768883714952,35.887266398817374,0.6690223373291083,1,1
Mississippi,1972,100.0,92.0,48.0,64.0,47.0,65.0,,,0.2115147909038047,27.523522338065238,0.4622955610006072,1,1
Mississippi,1973,100.0,90.0,49.0,64.0,50.0,65.0,1140.0,1100.0,0.292858112405533,29.395107628851697,0.4117655415845085,0,1
Mississippi,1974,100.0,103.0,45.0,64.0,46.0,64.0,1530.0,1470.0,0.23680211361740222,31.039482548582697,0.6509734671509542,1,1
Mississippi,1975,100.0,92.0,47.0,59.0,48.0,66.0,1380.0,1360.0,0.23258304185517611,28.93304561578179,0.5454318694069055,1,1
Mississippi,1976,100.0,90.0,40.0,53.0,40.0,54.0,1200.0,1180.0,0.8843684672088059,25.767831927247357,0.062273105881885615,0,0
Mississippi,1977,99.0,98.0,43.0,57.0,44.0,57.0,1090.0,1050.0,0.762926287504019,28.97044996449154,0.5125026487703317,0,0
Mississippi,1978,99.0,92.0,36.0,54.0,38.0,59.0,1150.0,1125.0,0.5793390632698602,33.36815874929886,0.8064036172328395,0,1
Mississippi,1979,100.0,87.0,32.0,61.0,33.0,63.0,1230.0,1200.0,0.2782673285208012,22.8674235029447,0.45923987759695806,1,1
Mississippi,1980,99.0,92.0,33.0,50.0,34.0,55.0,1000.0,990.0,0.5932927000934659,28.66484837073438,0.05195657755426841,1,1
Mississippi,1981,99.0,91.0,41.0,45.0,48.0,59.0,687.0,675.0,0.5787774166244526,24.499395925304135,0.7862781993840331,1,1
Mississippi,1982,100.0,94.0,41.0,54.0,41.0,65.0,1045.0,1032.0,0.33856149592801216,33.97523314462421,0.2013637821359744,1,1
Mississippi,1983,99.0,98.0,45.0,50.0,50.0,63.0,1050.0,1040.0,0.5470813193903785,20.384065476081126,0.2586208348880388,0,0
Mississippi,1984,98.0,103.0,44.0,57.0,46.0,68.0,1020.0,1000.0,0.5188037875178988,25.205390763642058,0.1647063534322959,1,1
Mississippi,1985,98.0,104.0,42.0,56.0,44.0,59.0,1020.0,1010.0,0.6926800784417733,29.886059375322603,0.33021506487149754,0,0
Mississippi,1986,96.0,102.0,39.0,54.0,49.0,63.0,1230.0,1190.0,0.708074920694115,35.827620146171704,0.756751505688635,1,1
Mississippi,1987,100.0,106.0,48.0,52.0,60.0,71.0,1050.0,1020.0,0.23624320781763564,27.67124869463506,0.5193858595039373,0,1
Mississippi,1988,98.0,110.0,50.0,49.0,56.0,59.0,1230.0,1220.0,0.499690091701177,25.22400236653401,0.20488127415071256,0,1
Mississippi,1989,100.0,103.0,54.0,49.0,61.0,65.0,1245.0,1230.0,0.7006879325713891,37.40578534720295,0.8778300781520408,0,1
Mississippi,1990,99.0,109.0,42.0,50.0,56.0,78.0,1350.0,1345.0,0.6025090068640702,20.75993049791878,0.8795818549515292,1,1
Mississippi,1991,100.0,109.0,52.0,50.0,68.0,76.0,1330.0,1300.0,0.8851918729506578,17.00597021689959,0.8705784250460069,0,1
Mississippi,1992,100.0,112.0,41.0,57.0,73.0,98.0,1280.0,1270.0,0.726954905295156,30.20007225026666,0.23879621138153928,0,0
Mississippi,1993,95.0,111.0,43.0,57.0,68.0,94.0,1460.0,1420.0,0.3303475416651438,25.489728878236946,0.4512393441809881,1,1
Mississippi,1994,100.0,122.0,45.0,54.0,66.0,101.0,1120.0,1100.0,0.2564549979203439,22.893835914346433,0.9849896561408751,0,1
Mississippi,1995,100.0,112.0,40.0,54.0,60.0,86.0,985.0,970.0,0.7139354225650525,31.541782236496765,0.7720124763099904,1,1
Mississippi,1996,98.0,100.0,27.0,47.0,56.0,100.0,950.0,940.0,0.22120904843329747,29.219003568855996,0.027167421225559818,1,1
Mississippi,1997,100.0,109.0,46.0,50.0,77.0,95.0,1200.0,1180.0,0.6686204650187706,25.179606846316357,0.06520459126049205,0,0
Mississippi,1998,97.0,107.0,51.0,57.0,67.0,99.0,1300.0,1280.0,0.9521841931399662,21.59847800664553,0.46393137681233276,0,0
Mississippi,1999,100.0,111.0,36.0,50.0,65.0,109.0,1620.0,1600.0,0.6603793423007032,32.36228664140072,0.9092202058615602,1,1
Mississippi,2000,100.0,114.0,44.0,52.0,68.0,97.0,1170.0,1150.0,0.5105359409652175,31.251005889793305,0.5387017979527142,0,0
Mississippi,2001,99.0,112.0,31.0,51.0,46.0,98.0,1110.0,1090.0,0.7146305747538826,27.504120681103085,0.4978125080342902,1,1
Mississippi,2002,,,,,,,1110.0,1100.0,0.5666023123932133,37.23318498023833,0.10547369995663058,1,1
Mississippi,2003,99.0,109.0,45.0,46.0,70.0,106.0,1210.0,1200.0,0.636493431452748,22.649576168369236,0.656780104724294,1,1
Mississippi,2004,,,,,,,1230.0,1220.0,0.9531718470212203,20.372374145376305,0.8221031606002255,0,1
Mississippi,2005,,,,,,,660.0,655.0,0.5088821102406194,24.540459650593778,0.38042000750756233,1,1
Mississippi,2006,,,,,,,365.0,360.0,0.9689524510591314,27.77206991822251,0.7756118509253275,0,1
Mississippi,2007,100.0,117.0,33.0,58.0,54.0,106.0,305.0,295.0,0.9242805135648511,29.21669724661346,0.9644766539008116,0,1
Mississippi,2008,,,,,,,420.0,410.0,0.3566329078314372,26.79381971071835,0.2037664591276891,0,1
Mississippi,2009,,,,,,,630.0,605.0,0.2554890407001324,29.760276982571483,0.5233296311947413,0,1
Mississippi,2010,95.0,100.0,32.0,47.0,53.0,91.0,475.0,470.0,0.28062240110194137,21.74230287904778,0.28713795808457554,1,1
Mississippi,2011,,,,,,,290.0,287.0,0.2145774605212398,35.2188230203663,0.7928544190338394,0,1
Mississippi,2012,,,,,,,425.0,420.0,0.27555436860474275,27.589244108037157,0.5775933658811575,1,1
Mississippi,2013,,,,,,,320.0,315.0,0.7464054187330855,33.58647915794064,0.6345824175503038,1,1
Mississippi,2014,,,,,,,435.0,430.0,0.2569509187681832,29.71362673188852,0.7979141596158941,0,1
Mississippi,2015,96.0,107.0,44.0,116.0,65.0,116.0,630.0,625.0,0.45518050423500905,30.283766095768918,0.3959704726624549,1,1
Mississippi,2016,,,,,,,620.0,615.0,0.8759002487755636,30.84883640116102,0.9150900684070432,1,1
Mississippi,2017,99.0,116.0,47.0,52.0,60.0,91.0,720.0,710.0,0.2186175485886607,30.238542800086574,0.53302886724614,0,1
Missouri,1964,100.0,85.0,95.0,58.0,95.0,59.0,,,0.8515747860711487,31.21361379933772,0.157954822835348,1,1
Missouri,1965,99.0,64.0,96.0,46.0,96.0,49.0,,,0.42548381981871997,34.64576265066216,0.6958991181688025,1,1
Missouri,1966,94.0,71.0,96.0,57.0,96.0,61.0,,,0.294531862097325,28.98260584850735,0.7932613504382544,1,1
Missouri,1967,99.0,50.0,94.0,53.0,94.0,56.0,,,0.7573897322913206,31.54501878794256,0.31676167706752667,1,1
Missouri,1968,93.0,54.0,92.0,48.0,92.0,52.0,,,0.7031542774239072,27.551321528563868,0.857179256998753,0,1
Missouri,1969,94.0,56.0,91.0,49.0,91.0,57.0,,,0.9019776108216424,35.200586077247365,0.9061432547657664,1,1
Missouri,1970,90.0,57.0,84.0,42.0,84.0,44.0,,,0.7880568350431087,24.61803848970365,0.2769044873778089,1,1
Missouri,1971,99.0,55.0,84.0,45.0,87.0,50.0,,,0.8427847443078789,37.004702164554075,0.9835214727152221,1,1
Missouri,1972,100.0,63.0,91.0,51.0,91.0,56.0,,,0.4256276580570452,27.799210246778284,0.14071152804875842,1,1
Missouri,1973,88.0,47.0,94.0,54.0,97.0,77.0,220.0,210.0,0.34195163502377823,20.84612448940976,0.20201566840248997,0,1
Missouri,1974,97.0,60.0,85.0,51.0,89.0,73.0,305.0,260.0,0.8004918013126867,28.640522074553946,0.18422483923802613,1,1
Missouri,1975,96.0,56.0,84.0,43.0,87.0,56.0,270.0,258.0,0.8454677914138113,24.594741712625595,0.8939897100078704,0,1
Missouri,1976,90.0,36.0,91.0,47.0,91.0,57.0,210.0,182.0,0.9924041136005386,32.20321774494362,0.6542925523249619,1,1
Missouri,1977,96.0,49.0,83.0,39.0,88.0,62.0,157.0,137.0,0.5300941415291411,24.736880103488044,0.15210428322227287,0,0
Missouri,1978,91.0,44.0,88.0,48.0,94.0,51.0,245.0,241.0,0.49761446863422654,25.769082833926102,0.440323418368349,0,1
Missouri,1979,96.0,52.0,96.0,50.0,100.0,52.0,242.0,183.0,0.8211303685935976,18.552296345272346,0.615298025069802,0,1
Missouri,1980,100.0,55.0,78.0,45.0,100.0,75.0,154.0,151.0,0.4726428322024143,25.738468403754617,0.08346408498938329,0,1
Missouri,1981,92.0,47.0,75.0,37.0,85.0,67.0,108.0,93.0,0.9446058604828518,15.880603366855217,0.8824163684073387,0,1
Missouri,1982,100.0,54.0,83.0,31.0,83.0,80.0,164.0,162.0,0.8867302014744094,20.080485882571384,0.8036035354415352,1,1
Missouri,1983,100.0,44.0,100.0,39.0,100.0,68.0,152.0,150.0,0.5431952219000147,31.802073280721487,0.5052067735766382,1,1
Missouri,1984,100.0,70.0,100.0,31.0,100.0,66.0,178.0,160.0,0.800696854233198,31.92900079325416,0.9671266152591704,1,1
Missouri,1985,98.0,56.0,68.0,35.0,98.0,62.0,200.0,199.0,0.8036342992677459,30.127287808924823,0.4177609792750997,0,0
Missouri,1986,100.0,57.0,82.0,48.0,88.0,63.0,245.0,242.0,0.2824990950687461,23.165119284353935,0.9841103190364978,1,1
Missouri,1987,,,,,,,214.0,209.0,0.9220423253436534,27.7614432192901,0.6679199988036271,0,1
Missouri,1988,,,,,,,248.0,235.0,0.6042018979582857,27.981987304547157,0.6346712732539415,0,1
Missouri,1989,,,,,,,332.0,327.0,0.8611659728861933,22.208176554037287,0.165954895295785,1,1
Missouri,1990,,,,,,,335.0,328.0,0.4560396808244894,35.51699150883575,0.881927758304644,1,1
Missouri,1991,,,,,,,345.0,335.0,0.9164185827969604,32.386811452878355,0.42748968792061515,0,0
Missouri,1992,,,,,,,352.0,345.0,0.5113613429873305,26.89517913085168,0.16223340578247936,0,0
Missouri,1993,,,,,,,462.0,453.0,0.2086701211842387,28.134429194972654,0.01260751997575904,1,1
Missouri,1994,,,,,,,390.0,385.0,0.9243055811354111,29.04191403973776,0.5597556836383826,1,1
Missouri,1995,,,,,,,395.0,390.0,0.2730293414289069,17.791325657878545,0.5273996221226763,1,1
Missouri,1996,,,,,,,370.0,357.0,0.4554509100723319,26.764113087397014,0.7193536223691586,1,1
Missouri,1997,100.0,112.0,72.0,37.0,95.0,78.0,380.0,377.0,0.960049573640644,24.590078760011007,0.8902580530178021,0,1
Missouri,1998,,,,,,,400.0,388.0,0.960485717550045,22.991899950525422,0.07940658464302952,1,1
Missouri,1999,,,,,,,405.0,400.0,0.658750310498629,26.594498535570224,0.7314964903403623,1,1
Missouri,2000,100.0,101.0,86.0,34.0,95.0,88.0,380.0,368.0,0.7054697697358394,36.988432634247616,0.18741194409758222,1,1
Missouri,2001,,,,,,,400.0,390.0,0.5587564175826558,31.20421430633505,0.858177053157164,0,1
Missouri,2002,,,,,,,380.0,378.0,0.43456861735845165,25.144105051086015,0.8190635138616561,0,1
Missouri,2003,100.0,89.0,73.0,40.0,81.0,80.0,440.0,438.0,0.4629316362959328,30.862913906780793,0.5407937549855444,0,1
Missouri,2004,,,,,,,500.0,496.0,0.7380147648616309,34.99677718293001,0.7102427986233115,0,1
Missouri,2005,,,,,,,380.0,379.0,0.8018996235501441,32.62316841456384,0.3143501131837484,1,1
Missouri,2006,,,,,,,306.0,303.0,0.8332632349806788,28.29815184960087,0.47116789893281463,0,0
Missouri,2007,98.0,97.0,88.0,31.0,95.0,68.0,272.0,260.0,0.8316945142356431,24.76531611147213,0.8216368977104717,1,1
Missouri,2008,,,,,,,310.0,308.0,0.27296488243895234,31.491116568067948,0.4592651971732139,1,1
Missouri,2009,,,,,,,375.0,367.0,0.5955362437620653,29.967426927108747,0.3577982653254418,1,1
Missouri,2010,100.0,130.0,81.0,48.0,93.0,87.0,350.0,330.0,0.24604700801331544,32.47596610013866,0.4942124472502999,1,1
Missouri,2011,,,,,,,255.0,246.0,0.6396231058589885,31.175859008409848,0.8282492524372184,0,1
Missouri,2012,,,,,,,250.0,245.0,0.5532244010987016,33.247763576596675,0.33520804737087273,0,0
Missouri,2013,,,,,,,185.0,175.0,0.9101633462066399,25.32382394219716,0.1737615931357438,0,0
Missouri,2014,,,,,,,280.0,266.0,0.480732010041663,34.58697032817163,0.7120140203307808,1,1
Missouri,2015,100.0,96.0,74.0,35.0,92.0,62.0,305.0,297.0,0.2936536131420847,28.987998023461998,0.8259782127080818,1,1
Missouri,2016,,,,,,,325.0,322.0,0.31439334564226873,38.37630436312632,0.10063747852353333,1,1
Missouri,2017,98.0,112.0,87.0,46.0,96.0,70.0,380.0,368.0,0.8092085053739779,24.55406090955216,0.23987411275594472,1,1
New Mexico,1964,63.0,85.0,58.0,60.0,,,,,0.6945744506530089,36.67981901582625,0.1419719897609939,1,1
New Mexico,1965,71.0,81.0,45.0,79.0,5.0,28.0,,,0.28089814089823223,28.989553917313238,0.3479414115821666,0,1
New Mexico,1966,52.0,73.0,44.0,64.0,9.0,23.0,,,0.26728544489199796,24.74290998192776,0.45035097890541265,1,1
New Mexico,1967,67.0,67.0,57.0,70.0,9.0,40.0,,,0.7607753051672961,25.58057082972839,0.7488263369633065,0,1
New Mexico,1968,67.0,83.0,62.0,74.0,13.0,41.0,,,0.25821040509135484,26.3982634590284,0.6511475848816741,1,1
New Mexico,1969,57.0,92.0,48.0,77.0,,,,,0.857488047432285,30.120829732009582,0.6209285674784312,1,1
New Mexico,1970,61.0,72.0,50.0,85.0,6.0,17.0,,,0.764993781725197,30.6141774401775,0.3523749466096544,0,0
New Mexico,1971,56.0,70.0,42.0,50.0,11.0,12.0,,,0.26507902451351983,25.131499980307105,0.8414475530847599,0,1
New Mexico,1972,61.0,69.0,63.0,69.0,9.0,31.0,,,0.26787017126815355,27.878227038695087,0.47128716739816456,1,1
New Mexico,1973,64.0,60.0,38.0,64.0,5.0,18.0,95.0,85.0,0.9893116628009404,38.71135179305932,0.9791049380151545,1,1
New Mexico,1974,52.0,49.0,48.0,57.0,16.0,26.0,68.0,64.0,0.49941663660489627,36.637715850503554,0.6341421382957368,1,1
New Mexico,1975,45.0,54.0,32.0,58.0,13.0,18.0,131.0,128.0,0.49651371765351276,30.18161834837016,0.12626474156450274,1,1
New Mexico,1976,56.0,59.0,38.0,59.0,8.0,22.0,137.0,109.0,0.8502396538060022,28.190017390841,0.676177562075434,0,1
New Mexico,1977,,,,,,,154.0,126.0,0.957798861907087,28.600156633591308,0.325104015431699,1,1
New Mexico,1978,,,,,,,151.0,120.0,0.9888008510582968,31.06758986365208,0.6863271966860974,0,1
New Mexico,1979,70.0,61.0,51.0,54.0,14.0,15.0,136.0,106.0,0.8027025482071533,22.886037174007974,0.06964114816240574,1,1
New Mexico,1980,40.0,64.0,28.0,51.0,2.0,10.0,79.0,68.0,0.5010076684247327,26.713117312883274,0.1748814371759594,0,0
New Mexico,1981,65.0,58.0,42.0,50.0,12.0,19.0,56.0,47.0,0.26680057335893503,19.657079630612053,0.8557372589057863,0,1
New Mexico,1982,47.0,64.0,30.0,57.0,8.0,37.0,77.0,69.0,0.8217175327419495,29.996115613026397,0.2271795570235149,1,1
New Mexico,1983,54.0,88.0,30.0,49.0,9.0,1.0,70.0,54.0,0.6467233997886441,31.235979698513706,0.83704112524294,0,1
New Mexico,1984,66.0,71.0,34.0,64.0,14.0,6.0,63.0,50.0,0.5393776073975811,25.58406768850313,0.27927608845441043,1,1
New Mexico,1985,59.0,58.0,47.0,48.0,2.0,14.0,66.0,62.0,0.9250835080757889,35.869933816450164,0.6428819100587077,0,1
New Mexico,1986,49.0,54.0,28.0,60.0,3.0,6.0,77.0,69.0,0.2889579858449211,21.871171684988294,0.694150573509831,1,1
New Mexico,1987,,,,,,,61.0,55.0,0.5941000834326873,20.6781255989509,0.5126547531450529,0,0
New Mexico,1988,,,,,,,69.0,62.0,0.20908291581393526,29.12225909279986,0.3053106766967313,1,1
New Mexico,1989,,,,,,,69.0,65.0,0.5749285135953011,33.23549151306077,0.21264437637109612,1,1
New Mexico,1990,,,,,,,55.0,37.0,0.24504262054546988,36.419638457289345,0.03318935456242622,0,1
New Mexico,1991,,,,,,,54.0,49.0,0.29505433301445755,25.7055786856553,0.3039464012407238,0,1
New Mexico,1992,,,,,,,55.0,50.0,0.2940209974216839,33.393404167156476,0.653162790531283,0,1
New Mexico,1993,,,,,,,61.0,56.0,0.7193682416928509,27.807457652496463,0.9383048184484827,0,1
New Mexico,1994,,,,,,,59.0,55.0,0.7968359034123387,27.136863500295902,0.871204482263052,1,1
New Mexico,1995,,,,,,,70.0,66.0,0.6666950120777277,32.41829968743336,0.7660647765353026,0,1
New Mexico,1996,,,,,,,66.0,60.0,0.9697380387796335,31.2616143920671,0.7884473432532987,1,1
New Mexico,1997,,,,,,,84.0,79.0,0.4998964636189633,20.118039215078753,0.6649849034759953,0,1
New Mexico,1998,,,,,,,72.0,67.0,0.4285696690254886,35.38270174862948,0.260286857566003,1,1
New Mexico,1999,,,,,,,68.0,65.0,0.8948793025515682,34.90045677073726,0.9071950307058299,1,1
New Mexico,2000,,,,,,,54.0,50.0,0.37887667081556214,24.872186492452354,0.670732311905834,1,1
New Mexico,2001,,,,,,,53.0,38.0,0.970578031552489,29.979017667187044,0.56044063098044,1,1
New Mexico,2002,,,,,,,68.0,64.0,0.20972357975185307,30.470150931413695,0.11098946921348107,0,1
New Mexico,2003,,,,,,,56.0,51.0,0.9759030613661113,29.303368829119535,0.4470555438064254,0,0
New Mexico,2004,,,,,,,50.0,48.0,0.2345279295604609,25.2484742307729,0.4603582712019263,1,1
New Mexico,2005,,,,,,,43.0,39.0,0.912914490958457,24.641883160309742,0.86456360952267,0,1
New Mexico,2006,,,,,,,38.0,35.0,0.6221608872690398,27.872229645042772,0.5466482201877885,0,0
New Mexico,2007,,,,,,,31.0,30.0,0.9943718368954404,33.86364509629682,0.38040054897040965,1,1
New Mexico,2008,,,,,,,48.0,47.0,0.2590372517883191,30.71800077297216,0.9768003285106593,0,1
New Mexico,2009,,,,,,,70.0,58.0,0.6430834275210566,26.14692833956947,0.11072059332631567,0,0
New Mexico,2010,,,,,,,45.0,38.0,0.9754420284952792,31.858493553241722,0.4225484283119446,0,0
New Mexico,2011,,,,,,,39.0,31.0,0.6184782753361191,13.757286896849623,0.04202467517140529,1,1
New Mexico,2012,,,,,,,43.0,33.0,0.70351891050821,33.74382850186052,0.7399041207669304,0,1
New Mexico,2013,,,,,,,35.0,31.0,0.7565989511876938,19.301431106109504,0.9180765521991506,1,1
New Mexico,2014,,,,,,,47.0,41.0,0.5636328518142186,26.18779529298434,0.28003732955048943,0,0
New Mexico,2015,,,,,,,66.0,46.0,0.7020464640672508,22.401650526869282,0.8583416767991209,0,1
New Mexico,2016,,,,,,,77.0,56.0,0.6674514495384802,21.526592621395473,0.29221823046189777,0,0
New Mexico,2017,,,,,,,63.0,45.0,0.9209264083927913,33.8041339368926,0.9107701616439152,1,1
North Carolina,1964,100.0,65.0,100.0,54.0,100.0,69.0,,,0.2363571042731663,25.661493993440544,0.7539619035967839,1,1
North Carolina,1965,100.0,90.0,100.0,54.0,100.0,69.0,,,0.4247705516737843,29.73251940865358,0.8049067768414386,0,1
North Carolina,1966,98.0,63.0,95.0,53.0,98.0,68.0,,,0.9603291872612469,27.76539710560408,0.0180065556004545,1,1
North Carolina,1967,100.0,69.0,100.0,65.0,100.0,80.0,,,0.912211027112733,30.385204136115608,0.962810357074026,0,1
North Carolina,1968,100.0,74.0,100.0,54.0,100.0,75.0,,,0.5645254022285704,28.384109455301278,0.7266709920703233,1,1
North Carolina,1969,99.0,62.0,90.0,54.0,90.0,70.0,,,0.6961060782412294,21.58503887905715,0.3047510953861333,1,1
North Carolina,1970,100.0,67.0,100.0,55.0,100.0,75.0,,,0.42190494638490617,32.9813340972357,0.8293946648588469,0,1
North Carolina,1971,100.0,53.0,98.0,53.0,100.0,70.0,,,0.3504969277790091,25.531217084193436,0.28152119841492995,0,1
North Carolina,1972,100.0,66.0,100.0,57.0,100.0,84.0,,,0.5709587239519858,20.217090506701247,0.872753839566128,0,1
North Carolina,1973,98.0,86.0,95.0,68.0,98.0,92.0,56.0,53.0,0.48268178242084225,25.859424195170437,0.11258039041193701,0,1
North Carolina,1974,100.0,70.0,100.0,56.0,100.0,90.0,75.0,71.0,0.6669248894806976,35.503798953171554,0.7036859774607958,1,1
North Carolina,1975,100.0,84.0,91.0,52.0,98.0,82.0,87.0,83.0,0.2621877095719879,32.251108710567465,0.5406984766449103,1,1
North Carolina,1976,100.0,102.0,91.0,44.0,100.0,81.0,45.0,42.0,0.9795158461329332,26.256739327960705,0.09653447019544081,1,1
North Carolina,1977,,,,,,,46.0,45.0,0.9889685955836824,26.253711478407855,0.24189382825883898,0,0
North Carolina,1978,,,,,,,66.0,65.0,0.7585293712157961,26.391824743913087,0.01240403627731479,0,0
North Carolina,1979,,,,,,,83.0,82.0,0.6288770930752963,38.383739917804206,0.46876796546450583,1,1
North Carolina,1980,,,,,,,71.0,70.0,0.4476220930290622,29.909677261157768,0.3012652607600004,0,1
North Carolina,1981,,,,,,,60.0,59.0,0.851036015765559,30.150208235955347,0.5983574842977588,1,1
North Carolina,1982,,,,,,,97.0,96.0,0.7477849380431034,33.151417270159214,0.2972378077086172,1,1
North Carolina,1983,,,,,,,88.0,87.0,0.330093551475913,29.193945795132567,0.2999191115069847,1,1
North Carolina,1984,,,,,,,82.0,81.0,0.9287417475950741,26.704789270896484,0.7431931987316034,1,1
North Carolina,1985,,,,,,,96.0,95.0,0.8580297943385353,27.01825075457511,0.04814283597835345,1,1
North Carolina,1986,,,,,,,126.0,124.0,0.9598399306335392,27.641993702929682,0.9028949951919872,0,1
North Carolina,1987,,,,,,,112.0,110.0,0.7805756067106879,27.813888817450792,0.8522638743911815,0,1
North Carolina,1988,,,,,,,201.0,200.0,0.690732156748632,31.6381477181849,0.6678046832264065,0,1
North Carolina,1989,,,,,,,460.0,457.0,0.5345944290324951,28.259729429036497,0.5932215701073843,1,1
North Carolina,1990,,,,,,,380.0,377.0,0.9461827866832107,31.663200386077897,0.8923024981396522,1,1
North Carolina,1991,,,,,,,390.0,385.0,0.8928511116003268,27.59641709945709,0.18533017952871444,1,1
North Carolina,1992,,,,,,,486.0,485.0,0.23617493608495155,28.393175951580453,0.07896916219082861,1,1
North Carolina,1993,,,,,,,805.0,800.0,0.22109357959780163,18.00899657733946,0.2395101699095381,0,1
North Carolina,1994,,,,,,,740.0,730.0,0.5011706935024397,32.581638373512405,0.7945782787001903,0,1
North Carolina,1995,,,,,,,690.0,685.0,0.8484426646254664,29.732442379489964,0.03467026672648332,1,1
North Carolina,1996,,,,,,,710.0,705.0,0.9898209034519556,32.99005054929826,0.5828068350834896,1,1
North Carolina,1997,92.0,62.0,64.0,38.0,85.0,99.0,880.0,825.0,0.3203335128828226,13.518723109031553,0.9954375161913099,1,1
North Carolina,1998,98.0,87.0,90.0,55.0,93.0,108.0,930.0,925.0,0.6753045722817081,38.44187352390364,0.8556960938375394,0,1
North Carolina,1999,96.0,78.0,89.0,47.0,96.0,107.0,970.0,965.0,0.5047126853048172,27.302051859224132,0.5214456890435895,0,0
North Carolina,2000,96.0,85.0,80.0,47.0,91.0,116.0,940.0,920.0,0.9759315182516826,33.54091408368758,0.06364090928664234,0,0
North Carolina,2001,,,,,,,810.0,770.0,0.873695138508567,22.800470364372345,0.8313735143857098,1,1
North Carolina,2002,,,,,,,730.0,725.0,0.8706629637689103,31.06386952531285,0.5989785081772105,1,1
North Carolina,2003,97.0,76.0,74.0,41.0,93.0,106.0,815.0,810.0,0.5749545278359762,22.73292218413172,0.11493299705956683,0,0
North Carolina,2004,,,,,,,870.0,865.0,0.5318556018701321,24.881155196520975,0.0938572848233562,1,1
North Carolina,2005,,,,,,,500.0,490.0,0.41872565754456503,37.570156769333934,0.9096268194365924,0,1
North Carolina,2006,,,,,,,430.0,428.0,0.2451003973207417,27.046587996183266,0.6692002629380784,1,1
North Carolina,2007,92.0,68.0,71.0,31.0,89.0,99.0,375.0,370.0,0.8917779010040425,29.087164365898616,0.8292867993167555,0,1
North Carolina,2008,,,,,,,550.0,545.0,0.850320807304062,32.35033865344377,0.8789789002822673,1,1
North Carolina,2009,,,,,,,805.0,800.0,0.9997741386289045,30.47840943986302,0.5717723520483222,0,0
North Carolina,2010,98.0,66.0,68.0,46.0,87.0,96.0,585.0,580.0,0.9973094696591243,28.752094525717883,0.5174463517550413,0,0
North Carolina,2011,,,,,,,465.0,460.0,0.644345364482102,29.824805012331126,0.4304274103209902,0,0
North Carolina,2012,,,,,,,465.0,460.0,0.8151899321444085,40.01707792619138,0.3169465877911193,0,0
North Carolina,2013,,,,,,,385.0,355.0,0.9558125839059424,27.711906014832074,0.43459596085871177,0,0
North Carolina,2014,,,,,,,280.0,255.0,0.8797179125419292,29.005495233574837,0.7738796557301564,0,1
North Carolina,2015,99.0,66.0,75.0,37.0,89.0,80.0,375.0,367.0,0.39787848139455817,33.25327198003806,0.6019234310151316,1,1
North Carolina,2016,,,,,,,430.0,415.0,0.5604353082480749,33.52762966478992,0.8925232899548461,1,1
North Carolina,2017,96.0,85.0,67.0,49.0,87.0,98.0,510.0,495.0,0.303327532121196,33.9351515278019,0.4433800143791877,1,1
Oklahoma,1964,51.0,28.0,49.0,28.0,33.0,14.0,,,0.9632408218069779,31.19365111014592,0.607089578718754,0,1
Oklahoma,1965,55.0,30.0,48.0,27.0,40.0,14.0,,,0.684939707560704,22.284975436347583,0.6313075530919887,0,1
Oklahoma,1966,50.0,28.0,45.0,33.0,40.0,19.0,,,0.3829142444027702,36.16715766150548,0.5916971623063255,1,1
Oklahoma,1967,51.0,19.0,45.0,23.0,41.0,13.0,,,0.7373605475246854,22.26827303490656,0.7026337730855163,0,1
Oklahoma,1968,41.0,28.0,38.0,28.0,35.0,14.0,,,0.6945025923663166,29.513177326195166,0.23743346837480628,0,0
Oklahoma,1969,53.0,27.0,50.0,37.0,42.0,17.0,,,0.48653017442627244,24.22862074990321,0.5123637775457907,0,1
Oklahoma,1970,50.0,25.0,43.0,27.0,33.0,13.0,,,0.2908460737597032,27.679308267035037,0.10422480280834767,0,1
Oklahoma,1971,44.0,31.0,38.0,36.0,37.0,15.0,,,0.7372585564742398,29.6438120515174,0.38451132764481255,0,0
Oklahoma,1972,46.0,32.0,42.0,38.0,35.0,26.0,,,0.6162461607230347,29.606786077251364,0.4876670686212644,1,1
Oklahoma,1973,50.0,34.0,45.0,33.0,35.0,17.0,360.0,295.0,0.8178547133885115,30.109603771176424,0.6522242595454725,1,1
Oklahoma,1974,47.0,21.0,43.0,30.0,41.0,15.0,350.0,335.0,0.6161308008895947,36.06855634529323,0.9505310525862035,1,1
Oklahoma,1975,29.0,28.0,29.0,29.0,16.0,16.0,535.0,520.0,0.881745200254832,30.2676715075699,0.6006510665483559,1,1
Oklahoma,1976,61.0,34.0,55.0,31.0,40.0,14.0,605.0,585.0,0.6415254710195885,26.779216823546758,0.7435939161765598,1,1
Oklahoma,1977,60.0,27.0,58.0,38.0,26.0,15.0,600.0,580.0,0.648750377228309,32.820435841441785,0.5062660594952028,0,0
Oklahoma,1978,61.0,34.0,61.0,39.0,35.0,15.0,715.0,565.0,0.9013228821266761,33.947352444623206,0.6341040313763313,0,1
Oklahoma,1979,55.0,32.0,51.0,43.0,34.0,23.0,650.0,640.0,0.5227862929699176,21.86196092431504,0.07093221613377343,0,0
Oklahoma,1980,67.0,32.0,58.0,30.0,28.0,15.0,480.0,450.0,0.3072121827605126,30.98700034924929,0.254391580841847,0,1
Oklahoma,1981,43.0,50.0,34.0,46.0,15.0,24.0,320.0,300.0,0.2230261410506712,31.50586371155449,0.3618530932051387,1,1
Oklahoma,1982,43.0,34.0,19.0,29.0,15.0,23.0,425.0,375.0,0.8041098045388952,26.51218248320004,0.47249335500651357,1,1
Oklahoma,1983,57.0,45.0,52.0,36.0,26.0,18.0,370.0,360.0,0.6962476410827718,34.878534066558096,0.045648745502383736,1,1
Oklahoma,1984,66.0,53.0,42.0,42.0,4.0,12.0,400.0,350.0,0.7632638144793789,27.249722064837368,0.14002409755331768,0,0
Oklahoma,1985,59.0,34.0,32.0,34.0,3.0,10.0,400.0,385.0,0.3703713292071286,28.627882267357712,0.2768143077913058,1,1
Oklahoma,1986,46.0,29.0,39.0,29.0,25.0,15.0,460.0,435.0,0.3090971804694158,27.13464087858065,0.9715326909010507,0,1
Oklahoma,1987,,,,,,,370.0,340.0,0.21163573253430557,28.077895237907338,0.33134700710305076,1,1
Oklahoma,1988,,,,,,,380.0,370.0,0.4804700470452776,22.518624565523993,0.48204105811208253,1,1
Oklahoma,1989,,,,,,,440.0,380.0,0.6719341494837066,20.79974558702853,0.19609771273839294,0,0
Oklahoma,1990,,,,,,,370.0,315.0,0.5137952360797859,35.97252531612486,0.6107800710757683,0,1
Oklahoma,1991,,,,,,,370.0,350.0,0.5499799376189833,23.76519325840836,0.2806832155159743,1,1
Oklahoma,1992,,,,,,,360.0,340.0,0.9233269555949988,23.043038252718464,0.20699257843842678,1,1
Oklahoma,1993,,,,,,,380.0,315.0,0.4786043736186403,17.233049431981428,0.5165726284459791,0,1
Oklahoma,1994,,,,,,,290.0,210.0,0.6111915913278487,24.805191261552487,0.005505799160420821,1,1
Oklahoma,1995,,,,,,,200.0,190.0,0.8269224101929145,21.38455103296251,0.0076640326492253275,1,1
Oklahoma,1996,,,,,,,160.0,120.0,0.5172342258570162,36.21007580068185,0.21906880910185778,0,0
Oklahoma,1997,,,,,,,240.0,150.0,0.6976693601822987,33.04908544671317,0.03672136250082114,1,1
Oklahoma,1998,,,,,,,280.0,145.0,0.8898909669973962,24.559248274111383,0.10802575413069138,0,0
Oklahoma,1999,,,,,,,270.0,185.0,0.9596164989261138,39.26217902672154,0.3388606493387516,1,1
Oklahoma,2000,,,,,,,200.0,180.0,0.3176587847432304,32.90882743495797,0.8025856795798129,0,1
Oklahoma,2001,,,,,,,180.0,170.0,0.9412701001291957,26.37584308245689,0.5720486433693008,1,1
Oklahoma,2002,,,,,,,220.0,200.0,0.5936930344636306,15.502971425632134,0.5126677259564164,0,0
Oklahoma,2003,,,,,,,255.0,240.0,0.4065955106391667,39.45471286295371,0.29348882320812164,1,1
Oklahoma,2004,,,,,,,320.0,180.0,0.5673086049906091,21.05213766618202,0.9317537194328164,0,1
Oklahoma,2005,,,,,,,175.0,165.0,0.9840260602283817,19.773006265215542,0.39701504123719167,1,1
Oklahoma,2006,,,,,,,170.0,155.0,0.5940944751942957,33.1128521600482,0.08709276679577149,1,1
Oklahoma,2007,,,,,,,205.0,195.0,0.4630012882300066,40.19876203169636,0.6170665161178013,1,1
Oklahoma,2008,,,,,,,285.0,270.0,0.7067206834533806,34.921364092552594,0.11383839347660141,1,1
Oklahoma,2009,,,,,,,415.0,70.0,0.39211649502255447,30.819545600261797,0.3452231428016921,1,1
Oklahoma,2010,,,,,,,305.0,140.0,0.2606906624869312,30.97377170832643,0.5074119387178089,1,1
Oklahoma,2011,,,,,,,185.0,120.0,0.3031037775285194,32.267077793901535,0.8742225246851758,1,1
Oklahoma,2012,,,,,,,245.0,210.0,0.302436671166218,31.794642948933827,0.49354658034011867,1,1
Oklahoma,2013,,,,,,,215.0,205.0,0.3215221548098355,29.405957119846878,0.7022587660316643,1,1
Oklahoma,2014,,,,,,,305.0,290.0,0.31106173811952814,28.52100551975938,0.9928168389990704,0,1
Oklahoma,2015,,,,,,,590.0,555.0,0.7126997958425718,27.687034360502388,0.13148911989798162,0,0
Oklahoma,2016,,,,,,,780.0,550.0,0.34550406751931584,24.23017705566662,0.2747315255195195,1,1
Oklahoma,2017,54.0,102.0,44.0,45.0,19.0,44.0,650.0,575.0,0.4765338266590906,26.59662461566613,0.3945760755976464,0,1
South Carolina,1964,100.0,68.0,100.0,76.0,100.0,88.0,,,0.9174307279248095,19.535215929023074,0.42182817853883137,1,1
South Carolina,1965,100.0,78.0,100.0,81.0,100.0,89.0,,,0.5791693122102979,27.50830186602625,0.41102107526554577,1,1
South Carolina,1966,100.0,101.0,100.0,85.0,100.0,90.0,,,0.7340461908168219,23.057044464245415,0.9076110025565549,0,1
South Carolina,1967,100.0,91.0,100.0,85.0,100.0,89.0,,,0.3378558969613039,22.482053413921143,0.7140326444668564,1,1
South Carolina,1968,100.0,101.0,100.0,89.0,100.0,101.0,,,0.35383121504693665,28.899470755767393,0.6079052140907037,1,1
South Carolina,1969,99.0,88.0,97.0,84.0,97.0,98.0,,,0.2326948930131831,34.960011431723,0.3093727178627821,0,1
South Carolina,1970,100.0,80.0,100.0,71.0,100.0,90.0,,,0.33514805045773166,32.59158303001156,0.8237903842212947,0,1
South Carolina,1971,99.0,88.0,97.0,78.0,99.0,96.0,,,0.4228722712255669,20.147496981884114,0.9550605114849889,1,1
South Carolina,1972,99.0,95.0,97.0,77.0,99.0,102.0,,,0.34160838742139743,23.051859317148313,0.8211982825502265,0,1
South Carolina,1973,100.0,99.0,99.0,72.0,99.0,102.0,107.0,103.0,0.27096202700564453,32.70385593994108,0.0015651051914729042,0,1
South Carolina,1974,100.0,101.0,94.0,69.0,99.0,108.0,170.0,159.0,0.29650869688048065,23.087563032308452,0.636401370183407,1,1
South Carolina,1975,99.0,109.0,91.0,66.0,100.0,99.0,170.0,153.0,0.5686230144261806,26.876834250014877,0.051135381442100725,0,0
South Carolina,1976,100.0,92.0,100.0,63.0,100.0,113.0,105.0,98.0,0.365066974724634,30.75026049512276,0.25760722033372185,0,1
South Carolina,1977,100.0,125.0,94.0,65.0,99.0,110.0,110.0,109.0,0.4914158888384604,23.158277725681824,0.059524700347771686,1,1
South Carolina,1978,,,,,,,122.0,120.0,0.6027338166838856,28.5268775307298,0.6037954529493877,0,1
South Carolina,1979,100.0,84.0,87.0,51.0,100.0,102.0,119.0,118.0,0.7523158629034923,21.329872525408977,0.6865899134926068,0,1
South Carolina,1980,100.0,78.0,97.0,60.0,92.0,97.0,97.0,95.0,0.23144971187287916,24.99316178024393,0.11448763806590512,1,1
South Carolina,1981,100.0,81.0,83.0,42.0,97.0,97.0,69.0,69.0,0.8395283191272342,29.598909670712686,0.3838388830449795,1,1
South Carolina,1982,100.0,84.0,83.0,44.0,86.0,84.0,104.0,104.0,0.7023203115927263,20.035031332341653,0.456236508955542,1,1
South Carolina,1983,100.0,107.0,83.0,42.0,100.0,102.0,124.0,122.0,0.26540722555909757,30.202373689801995,0.3690530217609166,0,1
South Carolina,1984,98.0,95.0,87.0,47.0,98.0,103.0,118.0,113.0,0.8988628992854217,27.901811005366593,0.12102500048519305,1,1
South Carolina,1985,100.0,92.0,83.0,51.0,98.0,90.0,120.0,119.0,0.9366979204254506,30.762449772085738,0.4189477901874754,1,1
South Carolina,1986,96.0,84.0,77.0,58.0,85.0,96.0,145.0,142.0,0.24886236788389102,29.119570670323306,0.7511780478084181,0,1
South Carolina,1987,,,,,,,120.0,118.0,0.421502118517763,34.82070214986922,0.07100766453325547,1,1
South Carolina,1988,,,,,,,155.0,154.0,0.8449610238344492,28.626122513239537,0.08018001408190345,1,1
South Carolina,1989,,,,,,,211.0,210.0,0.7986077523069268,25.852972294373735,0.3547712918359842,1,1
South Carolina,1990,,,,,,,197.0,192.0,0.34761681548510187,28.611487515161418,0.941725711618925,1,1
South Carolina,1991,,,,,,,202.0,198.0,0.36747945866936826,30.71649014518194,0.668572646722914,0,1
South Carolina,1992,,,,,,,225.0,223.0,0.49637768223310563,28.24430035162852,0.6786699566725648,1,1
South Carolina,1993,,,,,,,348.0,342.0,0.5876183881528171,28.202958456019413,0.36191999083786497,1,1
South Carolina,1994,,,,,,,284.0,282.0,0.6946038172242368,24.490041560966223,0.5936607912085384,0,0
South Carolina,1995,,,,,,,290.0,286.0,0.49513091165581796,24.68549541224526,0.010131184027743378,1,1
South Carolina,1996,,,,,,,290.0,286.0,0.5700277729065184,20.986973641001534,0.6360960464095422,0,1
South Carolina,1997,100.0,92.0,100.0,54.0,100.0,118.0,330.0,315.0,0.7979767505070052,36.7478837159347,0.9132869475762367,0,1
South Carolina,1998,,,,,,,300.0,290.0,0.22934656231247832,21.780683823043574,0.6125734683448192,0,1
South Carolina,1999,,,,,,,300.0,296.0,0.4019495554752166,24.53547401102046,0.873698593466345,1,1
South Carolina,2000,,,,,,,290.0,200.0,0.770679668707642,24.40796367215401,0.7239730554660938,0,1
South Carolina,2001,,,,,,,220.0,218.0,0.9161654701497595,32.474621884722204,0.12055841640369025,0,0
South Carolina,2002,,,,,,,215.0,214.0,0.6093419536925329,26.52525160853986,0.9024533072858417,0,1
South Carolina,2003,95.0,77.0,78.0,46.0,90.0,109.0,266.0,265.0,0.6256907882122525,34.23871036336867,0.06644384435577488,1,1
South Carolina,2004,,,,,,,300.0,298.0,0.2857376090718209,24.63254687878066,0.5339674725477638,1,1
South Carolina,2005,,,,,,,180.0,158.0,0.5579298934587638,29.39497081111901,0.14213712379345766,1,1
South Carolina,2006,,,,,,,135.0,134.0,0.6260938131640186,23.823264733701215,0.011706610730904066,1,1
South Carolina,2007,99.0,91.0,79.0,46.0,94.0,94.0,115.0,114.0,0.39397640290778374,38.72574563886694,0.422034260127639,1,1
South Carolina,2008,,,,,,,202.0,201.0,0.4153945847595048,22.062007904852436,0.29504070765415624,1,1
South Carolina,2009,,,,,,,303.0,301.0,0.5018273304836982,29.549103551135136,0.486000493797603,1,1
South Carolina,2010,,,,,,,299.0,298.0,0.2160569582221811,31.168884404660492,0.5771998867345508,0,1
South Carolina,2011,,,,,,,258.0,250.0,0.45766333246654267,30.068995487257492,0.04373907230894736,0,1
South Carolina,2012,,,,,,,280.0,278.0,0.36915840559723573,27.073561705611457,0.12300329512374564,0,1
South Carolina,2013,,,,,,,235.0,136.0,0.46199788174233175,27.35089650133287,0.5586423964504253,0,1
South Carolina,2014,,,,,,,190.0,183.0,0.295809705455401,28.219057359895547,0.34316735317265823,1,1
South Carolina,2015,99.0,86.0,73.0,39.0,96.0,105.0,250.0,248.0,0.912421824591916,27.264989991857558,0.729173487549448,0,1
South Carolina,2016,,,,,,,300.0,275.0,0.674873962843239,32.81939558397455,0.6522916485919397,0,1
South Carolina,2017,,,,,,,300.0,295.0,0.7432818553155918,39.05261500795676,0.8456043629899068,0,1
Tennessee,1964,98.0,67.0,97.0,53.0,98.0,56.0,,,0.8313369908858708,25.212541074960832,0.6924928266692253,0,1
Tennessee,1965,100.0,71.0,92.0,57.0,93.0,62.0,,,0.5987537591432459,21.150985102104613,0.42993107739014813,1,1
Tennessee,1966,92.0,85.0,89.0,64.0,90.0,66.0,,,0.26953623046993896,27.558589758243727,0.6729666223944324,1,1
Tennessee,1967,97.0,61.0,91.0,61.0,92.0,63.0,,,0.6296852334548382,40.898546688271594,0.2753811742554185,1,1
Tennessee,1968,99.0,51.0,89.0,58.0,90.0,59.0,,,0.6694728944167033,23.981627160151348,0.3063134987782127,0,0
Tennessee,1969,100.0,67.0,97.0,57.0,97.0,60.0,,,0.796351579347464,36.195584027220335,0.7889851599207933,1,1
Tennessee,1970,96.0,61.0,96.0,62.0,96.0,64.0,,,0.5453276369837435,36.388504070382204,0.4464195164015822,0,0
Tennessee,1971,99.0,72.0,93.0,63.0,93.0,63.0,,,0.302064242236451,25.232058791460027,0.7983803405183525,1,1
Tennessee,1972,95.0,69.0,94.0,61.0,95.0,64.0,,,0.4270207246389796,30.844915395926378,0.8224223736682784,1,1
Tennessee,1973,100.0,67.0,100.0,69.0,100.0,69.0,335.0,315.0,0.4904658371189081,36.14198311564269,0.8575623376612838,1,1
Tennessee,1974,100.0,66.0,96.0,60.0,98.0,61.0,420.0,370.0,0.7167337930652811,26.104361295062564,0.9166352358412073,1,1
Tennessee,1975,100.0,69.0,98.0,52.0,99.0,58.0,325.0,300.0,0.6566226437351295,26.982098199488192,0.43098522051329624,1,1
Tennessee,1976,91.0,71.0,91.0,59.0,91.0,64.0,250.0,230.0,0.484877380718277,25.09159543025678,0.31886681832113883,0,1
Tennessee,1977,96.0,68.0,92.0,67.0,92.0,69.0,250.0,230.0,0.9892121990343838,22.926216346535668,0.5821987465941139,1,1
Tennessee,1978,97.0,74.0,95.0,69.0,95.0,74.0,290.0,275.0,0.6846198554855097,24.753612274669965,0.3711724234376276,0,0
Tennessee,1979,99.0,76.0,99.0,74.0,99.0,79.0,325.0,305.0,0.3897814333887956,21.880298666188718,0.601074166800233,0,1
Tennessee,1980,100.0,73.0,94.0,64.0,94.0,74.0,260.0,255.0,0.281425978096323,28.17041734129613,0.7055858626438246,0,1
Tennessee,1981,,,,,,,220.0,215.0,0.32228731134746563,24.15013384470679,0.6884050184921369,0,1
Tennessee,1982,97.0,67.0,97.0,62.0,97.0,68.0,340.0,325.0,0.39676618270760655,29.16892955895374,0.37455288702012135,0,1
Tennessee,1983,100.0,91.0,100.0,65.0,100.0,71.0,340.0,335.0,0.3285450986076446,20.220521768981865,0.16686020169875282,1,1
Tennessee,1984,100.0,82.0,100.0,62.0,100.0,68.0,340.0,335.0,0.3492536192410446,29.654401161072286,0.43052933846220753,1,1
Tennessee,1985,99.0,78.0,97.0,61.0,94.0,67.0,440.0,435.0,0.4280761349550777,32.16764480804462,0.14259414408190874,1,1
Tennessee,1986,100.0,75.0,100.0,65.0,100.0,71.0,535.0,530.0,0.33869887623580386,18.031321787142723,0.8900970351838083,1,1
Tennessee,1987,,,,,,,465.0,460.0,0.9174123397011402,29.87028284923786,0.3458774607378574,0,0
Tennessee,1988,,,,,,,525.0,515.0,0.26418699652931377,34.13834496236646,0.15445974722332378,1,1
Tennessee,1989,,,,,,,620.0,610.0,0.6196091116562037,21.951794906543974,0.025447759905750877,1,1
Tennessee,1990,,,,,,,625.0,615.0,0.5283174615917292,36.362861934188516,0.6458223862864843,0,1
Tennessee,1991,,,,,,,625.0,615.0,0.9859028935268852,30.095095046830227,0.6369023174547432,0,1
Tennessee,1992,,,,,,,590.0,585.0,0.2896311217344419,24.474940721207957,0.34060416658129167,1,1
Tennessee,1993,,,,,,,700.0,660.0,0.5182844792365933,27.72115461171147,0.071711888847651,1,1
Tennessee,1994,,,,,,,540.0,530.0,0.9755763466202951,30.79163456260861,0.409628894895232,0,0
Tennessee,1995,,,,,,,490.0,480.0,0.8924057007151842,28.380026957062057,0.3112174950633936,1,1
Tennessee,1996,100.0,89.0,99.0,60.0,99.0,88.0,450.0,445.0,0.8536576567594241,30.693779962231847,0.6771206397350094,1,1
Tennessee,1997,100.0,92.0,99.0,56.0,99.0,88.0,570.0,565.0,0.40632226163595186,23.39663203460317,0.6057792494526903,1,1
Tennessee,1998,99.0,95.0,100.0,63.0,100.0,91.0,570.0,565.0,0.33671006991205266,28.84680412018039,0.36459372819754,1,1
Tennessee,1999,100.0,90.0,99.0,54.0,100.0,89.0,620.0,615.0,0.7349145759395448,20.9314275154751,0.2178925542549901,0,0
Tennessee,2000,99.0,84.0,93.0,56.0,98.0,90.0,565.0,530.0,0.9435007913020688,27.4438696932565,0.9880359661555919,0,1
Tennessee,2001,,,,,,,560.0,530.0,0.6454103144111438,23.480461792676053,0.45400162119611487,0,0
Tennessee,2002,,,,,,,530.0,525.0,0.65729015157592,24.322350287051165,0.688274235780237,1,1
Tennessee,2003,97.0,92.0,92.0,53.0,96.0,86.0,640.0,635.0,0.42398327492822735,34.18046587605219,0.14055296757836078,1,1
Tennessee,2004,,,,,,,700.0,695.0,0.8155943465535496,33.45655060297135,0.4855896996593978,1,1
Tennessee,2005,,,,,,,515.0,510.0,0.3496349988460187,31.045690604535885,0.027536719869465487,1,1
Tennessee,2006,,,,,,,285.0,280.0,0.45894338912339494,22.538436176637106,0.50545511791045,1,1
Tennessee,2007,100.0,102.0,95.0,51.0,100.0,88.0,300.0,280.0,0.5403491508931335,26.41795775152599,0.9640174071177023,0,1
Tennessee,2008,,,,,,,390.0,387.0,0.6060883029475641,34.06548849989592,0.3842067129858002,1,1
Tennessee,2009,,,,,,,495.0,490.0,0.39392778593206423,28.708584568199523,0.03899601257491159,1,1
Tennessee,2010,100.0,95.0,96.0,51.0,99.0,87.0,380.0,377.0,0.29186945979136286,39.59664769990847,0.03095579091934353,0,1
Tennessee,2011,,,,,,,250.0,233.0,0.6884960339533062,29.96658919697186,0.3879867599468695,1,1
Tennessee,2012,,,,,,,275.0,270.0,0.4309044425922046,28.960245582450156,0.16002493646319405,0,1
Tennessee,2013,,,,,,,155.0,140.0,0.6649905771380898,26.454417678987493,0.023352096328185912,0,0
Tennessee,2014,,,,,,,255.0,250.0,0.3234901722193619,28.66770452391141,0.7562136139501768,0,1
Tennessee,2015,100.0,111.0,96.0,66.0,49.0,91.0,345.0,340.0,0.584912081483854,27.23765081809728,0.4585230088818907,0,0
Tennessee,2016,,,,,,,360.0,355.0,0.6260715460412687,31.54054338344295,0.2892447719726545,0,0
Tennessee,2017,100.0,101.0,99.0,55.0,95.0,91.0,410.0,400.0,0.24145882945794153,32.783511583972924,0.9000831830164807,1,1
Texas,1964,50.0,59.0,38.0,46.0,10.0,16.0,,,0.4692834225551365,24.070052697460252,0.11613896020052561,0,1
Texas,1965,55.0,62.0,40.0,44.0,11.0,18.0,,,0.3075317415511794,21.34383523221111,0.9559188289553192,0,1
Texas,1966,51.0,62.0,40.0,45.0,14.0,18.0,,,0.25069997637821423,18.818973134483517,0.3139667173773528,1,1
Texas,1967,47.0,55.0,39.0,43.0,12.0,20.0,,,0.9919681859119562,30.539956634562717,0.8884036723086812,1,1
Texas,1968,45.0,51.0,37.0,44.0,18.0,18.0,,,0.4578830759797784,22.483166969130632,0.6029428764794615,0,1
Texas,1969,48.0,61.0,34.0,46.0,14.0,21.0,,,0.847899556683708,17.235547035237587,0.8267073597414875,1,1
Texas,1970,48.0,57.0,30.0,45.0,13.0,21.0,,,0.4037125238110111,29.942893022654822,0.9840131632104643,1,1
Texas,1971,50.0,57.0,30.0,42.0,12.0,17.0,,,0.7452021777791435,40.46499758716395,0.2884054378187457,0,0
Texas,1972,51.0,53.0,36.0,44.0,11.0,19.0,,,0.8081822879117493,27.969645442300532,0.961135485407593,0,1
Texas,1973,53.0,46.0,41.0,45.0,15.0,14.0,4350.0,3900.0,0.6765109924862754,32.19245387225821,0.38948189490242036,1,1
Texas,1974,55.0,48.0,47.0,43.0,24.0,17.0,4800.0,4500.0,0.5772609508401267,28.409146792737825,0.3855119047369223,0,0
Texas,1975,32.0,39.0,23.0,39.0,9.0,12.0,6650.0,6450.0,0.5294727313178149,27.505551734044285,0.3403871042545057,0,0
Texas,1976,49.0,52.0,40.0,43.0,13.0,16.0,6950.0,6200.0,0.4790946132343963,32.59538241493884,0.5414076073475852,1,1
Texas,1977,59.0,45.0,45.0,47.0,15.0,14.0,7700.0,6800.0,0.9436233153982607,26.548627279056742,0.1541450431784871,0,0
Texas,1978,41.0,50.0,28.0,42.0,9.0,16.0,7850.0,6850.0,0.8644955262301834,29.336961570359513,0.5537114853580112,0,0
Texas,1979,53.0,45.0,45.0,45.0,17.0,16.0,7460.0,7200.0,0.9720215285332101,29.608489030980067,0.541704812410004,0,0
Texas,1980,50.0,43.0,43.0,39.0,18.0,14.0,5800.0,4300.0,0.2994377787884358,24.659547731784755,0.76190181260487,0,1
Texas,1981,60.0,44.0,53.0,40.0,21.0,20.0,4000.0,3550.0,0.7846939801629154,32.960211747682614,0.8336499619375856,0,1
Texas,1982,39.0,41.0,28.0,30.0,13.0,20.0,5350.0,4700.0,0.9506723654568303,27.125201216522957,0.44044135031242404,1,1
Texas,1983,41.0,52.0,31.0,40.0,14.0,22.0,5000.0,4650.0,0.34498645293252816,24.221274202535778,0.30233324935149375,1,1
Texas,1984,55.0,47.0,39.0,39.0,18.0,15.0,4850.0,3450.0,0.25319701389342203,30.682549217852017,0.25933489731709447,0,1
Texas,1985,57.0,49.0,47.0,39.0,22.0,21.0,4700.0,4400.0,0.7928965194320472,23.507660091044812,0.19462383670487193,1,1
Texas,1986,56.0,45.0,44.0,35.0,18.0,13.0,5600.0,5300.0,0.6595784905439295,28.140905786845643,0.05764758219902488,0,0
Texas,1987,57.0,51.0,46.0,37.0,23.0,14.0,4650.0,3750.0,0.8734630214066177,27.95440501677898,0.34244797883471334,0,0
Texas,1988,68.0,45.0,56.0,38.0,22.0,13.0,5500.0,5000.0,0.3118179013010316,33.42947782915789,0.27024769213078326,0,1
Texas,1989,63.0,48.0,53.0,37.0,22.0,12.0,6300.0,5400.0,0.8362138494879121,30.373491164399763,0.9664173858664074,0,1
Texas,1990,66.0,59.0,48.0,40.0,20.0,17.0,5500.0,3550.0,0.36130185603819565,27.87486520627428,0.5577088262500439,0,1
Texas,1991,70.0,69.0,53.0,41.0,25.0,23.0,5550.0,5050.0,0.3309247542925636,32.08883149600143,0.34727703903050755,1,1
Texas,1992,65.0,66.0,48.0,44.0,27.0,20.0,5450.0,5150.0,0.3314126383447944,34.951037745086566,0.580467600993696,1,1
Texas,1993,77.0,64.0,58.0,43.0,26.0,21.0,6400.0,5750.0,0.8516597761851057,30.789051531759313,0.1391967013456955,0,0
Texas,1994,78.0,71.0,60.0,38.0,25.0,20.0,5700.0,4100.0,0.7321577765569602,28.051763099216902,0.4440437492022029,1,1
Texas,1995,79.0,62.0,63.0,38.0,32.0,15.0,5500.0,5200.0,0.6184523398152955,21.4408188382492,0.6262343214210638,0,1
Texas,1996,55.0,80.0,47.0,39.0,20.0,21.0,5650.0,3300.0,0.487064387298802,22.674431684623137,0.4888978317924514,1,1
Texas,1997,82.0,63.0,62.0,37.0,29.0,16.0,6150.0,5100.0,0.9017604326504867,26.47387647822666,0.40177880065432425,0,0
Texas,1998,68.0,62.0,56.0,38.0,27.0,19.0,6400.0,4400.0,0.5139560859381083,24.952438989203586,0.9938483888996982,1,1
Texas,1999,71.0,64.0,45.0,41.0,23.0,18.0,6000.0,4250.0,0.8532795515772618,27.06514348507277,0.880314762148927,0,1
Texas,2000,63.0,68.0,54.0,40.0,26.0,19.0,5600.0,4500.0,0.5513079268561747,28.283249624485535,0.6234059581594401,0,1
Texas,2001,52.0,63.0,37.0,38.0,14.0,19.0,5600.0,4350.0,0.5015555435399262,30.648463771783653,0.5693773611822828,1,1
Texas,2002,,,,,,,5850.0,5350.0,0.5701438285356852,27.647506109704544,0.620660479824584,1,1
Texas,2003,61.0,76.0,50.0,50.0,20.0,25.0,5950.0,5600.0,0.4411022993313137,30.43250821913101,0.20131210782243325,0,1
Texas,2004,,,,,,,6400.0,4100.0,0.7980875041410009,28.3223720740506,0.3951377432643186,1,1
Texas,2005,,,,,,,4900.0,4700.0,0.6021763120739834,18.12266716823064,0.03945953289089932,0,0
Texas,2006,,,,,,,5000.0,3250.0,0.38577015611745386,23.303323030906228,0.47554603748682667,1,1
Texas,2007,86.0,82.0,60.0,37.0,24.0,17.0,5000.0,3500.0,0.9196596586196548,27.279562221391924,0.5430245839576632,1,1
Texas,2008,,,,,,,5550.0,5350.0,0.5071129770985692,21.95152628579446,0.2277497361032096,0,0
Texas,2009,,,,,,,7550.0,2850.0,0.6348422888911909,30.999643649981024,0.9640288471655137,1,1
Texas,2010,85.0,63.0,52.0,32.0,30.0,15.0,6500.0,3800.0,0.9251776887716376,35.65375416171849,0.909454610937242,1,1
Texas,2011,,,,,,,5800.0,3100.0,0.6993903967311936,34.09380925848659,0.7221432354559059,0,1
Texas,2012,,,,,,,6300.0,4600.0,0.2935184325666913,26.93278564534896,0.5333866287653626,1,1
Texas,2013,,,,,,,4800.0,4500.0,0.9518656988907801,35.45363068424976,0.869969159647685,0,1
Texas,2014,,,,,,,5650.0,5200.0,0.7021664424571343,28.743337286010558,0.1306523438234629,0,0
Texas,2015,66.0,65.0,46.0,34.0,16.0,14.0,7000.0,5500.0,0.4679244917256689,26.314570144409803,0.790509794274885,0,1
Texas,2016,,,,,,,7750.0,4350.0,0.3114176581307098,24.9329866822953,0.1248208139668483,0,1
Texas,2017,68.0,77.0,52.0,37.0,25.0,20.0,7050.0,6000.0,0.8352201514162367,26.487651567559357,0.7942106625494054,0,1
